-- MySQL dump 10.13  Distrib 8.0.34, for Win64 (x86_64)
--
-- Host: localhost    Database: carebeat_testdb
-- ------------------------------------------------------
-- Server version	8.0.34

/*!40101 SET @OLD_CHARACTER_SET_CLIENT=@@CHARACTER_SET_CLIENT */;
/*!40101 SET @OLD_CHARACTER_SET_RESULTS=@@CHARACTER_SET_RESULTS */;
/*!40101 SET @OLD_COLLATION_CONNECTION=@@COLLATION_CONNECTION */;
/*!50503 SET NAMES utf8 */;
/*!40103 SET @OLD_TIME_ZONE=@@TIME_ZONE */;
/*!40103 SET TIME_ZONE='+00:00' */;
/*!40014 SET @OLD_UNIQUE_CHECKS=@@UNIQUE_CHECKS, UNIQUE_CHECKS=0 */;
/*!40014 SET @OLD_FOREIGN_KEY_CHECKS=@@FOREIGN_KEY_CHECKS, FOREIGN_KEY_CHECKS=0 */;
/*!40101 SET @OLD_SQL_MODE=@@SQL_MODE, SQL_MODE='NO_AUTO_VALUE_ON_ZERO' */;
/*!40111 SET @OLD_SQL_NOTES=@@SQL_NOTES, SQL_NOTES=0 */;

--
-- Table structure for table `caretaker`
--

DROP TABLE IF EXISTS `caretaker`;
/*!40101 SET @saved_cs_client     = @@character_set_client */;
/*!50503 SET character_set_client = utf8mb4 */;
CREATE TABLE `caretaker` (
  `id_pk` int NOT NULL,
  `email` varchar(90) NOT NULL,
  `password` varchar(30) NOT NULL,
  `first_name` varchar(30) NOT NULL,
  `initial` varchar(30) DEFAULT NULL,
  `paternal_last_name` varchar(30) NOT NULL,
  `maternal_last_name` varchar(30) DEFAULT NULL,
  `phone_number` varchar(12) NOT NULL,
  `phone_provider` varchar(20) NOT NULL,
  PRIMARY KEY (`id_pk`),
  UNIQUE KEY `email` (`email`),
  UNIQUE KEY `phone_number` (`phone_number`)
) ENGINE=InnoDB DEFAULT CHARSET=utf8mb4 COLLATE=utf8mb4_0900_ai_ci;
/*!40101 SET character_set_client = @saved_cs_client */;

--
-- Dumping data for table `caretaker`
--

LOCK TABLES `caretaker` WRITE;
/*!40000 ALTER TABLE `caretaker` DISABLE KEYS */;
INSERT INTO `caretaker` VALUES (4000,'caracol_23@gmail.com','password0001','Adam','J','Martinez','Viktorie','787-111-1111','T-Mobil'),(4001,'montanero_45@yahoo.com','password0002','Juan','A','Alcaraz','Francis','787-214-1070','T-Mobil'),(4002,'fuegosagrado@outlook.com','password0003','Carlos',NULL,'Baez',NULL,'787-538-3333','T-Mobil'),(4003,'luzdelamanana@aol.com','password0004','Pedro','A','Gonzalez','Romero','787-538-3334','T-Mobil'),(4004,'sonrisaencantada@protonmail.com','password0005','Gabriel','I','Perez','Ortega','787-538-3335','T-Mobil'),(4005,'mariposa_azul@icloud.com','password0006','Luis','P','Senna','Espinosa','787-538-3336','T-Mobil'),(4006,'viajero_solitario@zoho.com','password0007','Manuel','A','Morales','Rios','787-538-3337','T-Mobil'),(4007,'nochedeluna@mail.com','password0008','Enrique',NULL,'Comer','Vega','787-538-3338','T-Mobil'),(4008,'rondador_de_estrellas@yandex.com','password0009','Jaime','C','Tudor','Bravo','787-538-3339','T-Mobil'),(4009,'saltamontes_verde@gmx.com','password0010','Casilda','J','Lopez','Fuentes','787-538-3340','T-Mobil'),(4010,'espejodelalma@fastmail.com','password0011','Linda','B','Torres','Paredes','787-538-3341','T-Mobil'),(4011,'caminante_etraves@mailinator.com','password0012','Esteban',NULL,'Vargas','Bravo','787-538-3342','T-Mobil'),(4012,'pensamientosilente@hotmail.com','password0013','Martin','A','Castro','Herrera','787-538-3343','T-Mobil'),(4013,'cascada_encantada@inbox.com','password0014','Lando','O','Alvarez','Miranda','787-538-3344','T-Mobil'),(4014,'hojasalvaje@tutanota.com','password0015','Maximo','C','Gomez','Salazar','787-538-3345','T-Mobil'),(4015,'serenatanocturna@mail.ru','password0016','Brutus','A','Flores','Cervantes','787-538-3346','T-Mobil'),(4016,'susurrodelbosque@rediffmail.com','password0017','Judas',NULL,'Ruiz','Pena','787-538-3347','T-Mobil'),(4017,'tormentadepasiones@hushmail.com','password0018','Cain','S','Mendoza','Aguilar','787-538-3348','T-Mobil'),(4018,'valiente_suspiro@rocketmail.com','password0019','Pablo','G','Navarro','Silva','787-538-3349','T-Mobil'),(4019,'bailarindeleite@lycos.com','password0020','Kiko','B','Jimenez','Nunez','787-538-3350','T-Mobil');
/*!40000 ALTER TABLE `caretaker` ENABLE KEYS */;
UNLOCK TABLES;

--
-- Table structure for table `diagnosis`
--

DROP TABLE IF EXISTS `diagnosis`;
/*!40101 SET @saved_cs_client     = @@character_set_client */;
/*!50503 SET character_set_client = utf8mb4 */;
CREATE TABLE `diagnosis` (
  `id_pk` int NOT NULL,
  `name` varchar(100) NOT NULL,
  `medication_fk` int NOT NULL,
  PRIMARY KEY (`id_pk`),
  KEY `medication_fk` (`medication_fk`),
  CONSTRAINT `diagnosis_ibfk_1` FOREIGN KEY (`medication_fk`) REFERENCES `medication` (`id_pk`)
) ENGINE=InnoDB DEFAULT CHARSET=utf8mb4 COLLATE=utf8mb4_0900_ai_ci;
/*!40101 SET character_set_client = @saved_cs_client */;

--
-- Dumping data for table `diagnosis`
--

LOCK TABLES `diagnosis` WRITE;
/*!40000 ALTER TABLE `diagnosis` DISABLE KEYS */;
INSERT INTO `diagnosis` VALUES (12000,'Hyperlipidemia',1004),(12001,'Arterial Hypertension',1005),(12002,'Hypothyroidism',1006),(12003,'Lupus Antiphospholipid Syndrome',1007),(12004,'Arterial Hypertension',1008),(12005,'Arterial Hypertension',1009),(12006,'Arterial Hypertension',1010),(12007,'Allergy',1011),(12008,'Pulmonary Hypertension',1012),(12009,'Arterial Hypertension',1013),(12010,'Not Specified',1014),(12011,'Gout',1015),(12012,'Gastritis',1016),(12013,'Stomach Ulcers',1016),(12014,'Gastritis',1017),(12015,'Stomach Ulcers',1017),(12016,'Asthma',1018),(12017,'Blood Thinner',1019),(12018,'Headache',1019),(12019,'Pain Reducer',1000),(12020,'Fever Reducer',1000),(12021,'Allergy',1001),(12022,'Throat Infection',1002),(12023,'Athlete\'s Foot',1003),(12024,'Diabetes',1020),(12025,'Arterial Hypertension',1021),(12026,'Arterial Hypotension',1022),(12027,'Diabetes',1023),(12028,'Arrhythmia',1024),(12029,'Bradycardia',1025),(12030,'Fever Reducer',1026),(12031,'Respiratory Distress',1027),(12032,'Anemia',1028),(12033,'Tachycardia',1029),(12034,'Arterial Hypertension',1030),(12035,'Arterial Hypertension',1031),(12036,'Hypothyroidism',1032);
/*!40000 ALTER TABLE `diagnosis` ENABLE KEYS */;
UNLOCK TABLES;

--
-- Table structure for table `medication`
--

DROP TABLE IF EXISTS `medication`;
/*!40101 SET @saved_cs_client     = @@character_set_client */;
/*!50503 SET character_set_client = utf8mb4 */;
CREATE TABLE `medication` (
  `id_pk` int NOT NULL,
  `name` varchar(30) NOT NULL,
  `route` varchar(30) NOT NULL,
  `half_life` decimal(3,1) NOT NULL,
  PRIMARY KEY (`id_pk`)
) ENGINE=InnoDB DEFAULT CHARSET=utf8mb4 COLLATE=utf8mb4_0900_ai_ci;
/*!40101 SET character_set_client = @saved_cs_client */;

--
-- Dumping data for table `medication`
--

LOCK TABLES `medication` WRITE;
/*!40000 ALTER TABLE `medication` DISABLE KEYS */;
INSERT INTO `medication` VALUES (1000,'Advil','Oral',2.0),(1001,'Benadryl','Oral',6.7),(1002,'Cipro','Oral',4.0),(1003,'Lotrimin','Oral',4.0),(1004,'Atorvastatin','Oral',14.0),(1005,'Irbesartan','Oral',11.0),(1006,'Synthroid','Oral',15.0),(1007,'Warfarin','Oral',20.0),(1008,'Clonidine','Oral',5.0),(1009,'Metoprolol','Oral',3.0),(1010,'Amlodipine','Oral',21.0),(1011,'Claritin','Oral',8.4),(1012,'Adempas','Oral',12.0),(1013,'Torsemide','Oral',3.5),(1014,'Maximum D3','Oral',15.0),(1015,'Allopurinol','Oral',1.0),(1016,'Famotidine','Oral',2.5),(1017,'Pantoprazole','Oral',1.1),(1018,'Levalbuterol','Oral',3.3),(1019,'Aspirin','Oral',1.0),(1020,'Metformin','Oral',17.6),(1021,'Lisinopril','Oral',12.0),(1022,'Florinef','Oral',18.0),(1023,'Insulin','Oral',5.0),(1024,'Cordarone','Oral',15.0),(1025,'Atropen','Oral',2.0),(1026,'Tylenol','Oral',2.0),(1027,'Prednisone','Oral',3.0),(1028,'Ferrous Sulfate','Oral',6.0),(1029,'Lopressor','Oral',7.0),(1030,'Zestril','Oral',12.0),(1031,'Prinivil','Oral',12.0),(1032,'Methimazole','Oral',3.0);
/*!40000 ALTER TABLE `medication` ENABLE KEYS */;
UNLOCK TABLES;

--
-- Table structure for table `nurse`
--

DROP TABLE IF EXISTS `nurse`;
/*!40101 SET @saved_cs_client     = @@character_set_client */;
/*!50503 SET character_set_client = utf8mb4 */;
CREATE TABLE `nurse` (
  `id_pk` int NOT NULL,
  `password` varchar(30) NOT NULL,
  `designation` varchar(30) DEFAULT NULL,
  `image` varchar(30) DEFAULT NULL,
  `first_name` varchar(30) NOT NULL,
  `intial` varchar(30) DEFAULT NULL,
  `paternal_last_name` varchar(30) NOT NULL,
  `maternal_last_name` varchar(30) DEFAULT NULL,
  `nursing_home_fk` int DEFAULT NULL,
  PRIMARY KEY (`id_pk`),
  KEY `nursing_home_fk` (`nursing_home_fk`),
  CONSTRAINT `nursing_home_fk` FOREIGN KEY (`nursing_home_fk`) REFERENCES `nursing_home` (`id_pk`)
) ENGINE=InnoDB DEFAULT CHARSET=utf8mb4 COLLATE=utf8mb4_0900_ai_ci;
/*!40101 SET character_set_client = @saved_cs_client */;

--
-- Dumping data for table `nurse`
--

LOCK TABLES `nurse` WRITE;
/*!40000 ALTER TABLE `nurse` DISABLE KEYS */;
INSERT INTO `nurse` VALUES (6000,'password1234','R.N.',NULL,'Mildred','D','Serrano','Leon',5000),(6001,'password0002','P.N.',NULL,'Alejandro',NULL,'Reyes','Velazquez',5000),(6002,'password0003','R.N.',NULL,'Carlos','W','Marin','Rosales',5000),(6003,'password0004','P.N.',NULL,'Clara','I','Mora','Blanco',5000),(6004,'password0005','R.N.',NULL,'Marta',NULL,'Solis','Gallegos',5000),(6005,'password0006','P.N.',NULL,'Elena','R','Delgado','Vidal',5000),(6006,'password0007','R.N.',NULL,'Maria','A','Carrillo','Peralta',5000),(6007,'password0008','P.N.',NULL,'Guillermo','N','Ochoa','Lara',5000),(6008,'password0009','R.N.',NULL,'Sergio',NULL,'Rivas','Cisneros',5000),(6009,'password0010','P.N.',NULL,'Sofia','L','Pacheco','Galindo',5000),(6010,'password0011','P.N.',NULL,'Carla','M','Manzano','Paredes',5000);
/*!40000 ALTER TABLE `nurse` ENABLE KEYS */;
UNLOCK TABLES;

--
-- Table structure for table `nursing_home`
--

DROP TABLE IF EXISTS `nursing_home`;
/*!40101 SET @saved_cs_client     = @@character_set_client */;
/*!50503 SET character_set_client = utf8mb4 */;
CREATE TABLE `nursing_home` (
  `id_pk` int NOT NULL,
  `name` varchar(30) NOT NULL,
  `line_1` varchar(30) NOT NULL,
  `line_2` varchar(30) NOT NULL,
  `city` varchar(30) NOT NULL,
  `state` varchar(30) NOT NULL,
  `zip_code` varchar(30) NOT NULL,
  PRIMARY KEY (`id_pk`)
) ENGINE=InnoDB DEFAULT CHARSET=utf8mb4 COLLATE=utf8mb4_0900_ai_ci;
/*!40101 SET character_set_client = @saved_cs_client */;

--
-- Dumping data for table `nursing_home`
--

LOCK TABLES `nursing_home` WRITE;
/*!40000 ALTER TABLE `nursing_home` DISABLE KEYS */;
INSERT INTO `nursing_home` VALUES (5000,'Cidra Nursing Home','112 Calle Santa Ana','Bo. Pueblo','Cidra','PR','98670');
/*!40000 ALTER TABLE `nursing_home` ENABLE KEYS */;
UNLOCK TABLES;

--
-- Table structure for table `pharmaceutical`
--

DROP TABLE IF EXISTS `pharmaceutical`;
/*!40101 SET @saved_cs_client     = @@character_set_client */;
/*!50503 SET character_set_client = utf8mb4 */;
CREATE TABLE `pharmaceutical` (
  `id_pk` int NOT NULL,
  `dose` decimal(15,2) NOT NULL,
  `pill_quantity` int NOT NULL,
  `pill_frequency` int NOT NULL,
  `refill_quantity` int NOT NULL,
  `start_date` datetime NOT NULL,
  `perscription_date` datetime NOT NULL,
  `resident_pk_fk` int DEFAULT NULL,
  `medication_pk_fk` int DEFAULT NULL,
  PRIMARY KEY (`id_pk`),
  KEY `resident_fk` (`resident_pk_fk`),
  KEY `medication_fk` (`medication_pk_fk`),
  CONSTRAINT `medication_fk` FOREIGN KEY (`medication_pk_fk`) REFERENCES `medication` (`id_pk`),
  CONSTRAINT `resident_fk` FOREIGN KEY (`resident_pk_fk`) REFERENCES `resident` (`id_pk`)
) ENGINE=InnoDB DEFAULT CHARSET=utf8mb4 COLLATE=utf8mb4_0900_ai_ci;
/*!40101 SET character_set_client = @saved_cs_client */;

--
-- Dumping data for table `pharmaceutical`
--

LOCK TABLES `pharmaceutical` WRITE;
/*!40000 ALTER TABLE `pharmaceutical` DISABLE KEYS */;
INSERT INTO `pharmaceutical` VALUES (2000,500.00,30,3,0,'2023-11-18 00:00:00','2023-11-18 00:00:00',1,1000),(2001,10.00,30,1,2,'2023-11-18 00:00:00','2023-11-18 00:00:00',0,1001),(2002,500.00,20,2,0,'2023-11-18 00:00:00','2023-11-18 00:00:00',2,1002),(2003,1.00,30,2,0,'2023-11-18 00:00:00','2023-11-18 00:00:00',3,1003),(2004,40.00,30,1,6,'2023-11-18 00:00:00','2023-11-18 00:00:00',0,1004),(2005,300.00,30,1,3,'2023-11-18 00:00:00','2023-11-18 00:00:00',0,1005),(2006,125.00,30,1,3,'2023-11-18 00:00:00','2023-11-18 00:00:00',0,1006),(2007,3.00,30,1,0,'2023-11-18 00:00:00','2023-11-18 00:00:00',0,1007),(2008,0.20,60,2,3,'2023-11-18 00:00:00','2023-11-18 00:00:00',0,1008),(2009,50.00,30,1,2,'2023-11-18 00:00:00','2023-11-18 00:00:00',0,1009),(2010,2.50,30,1,2,'2023-11-18 00:00:00','2023-11-18 00:00:00',0,1010),(2011,10.00,30,1,0,'2023-11-18 00:00:00','2023-11-18 00:00:00',2,1011),(2012,2.50,90,3,2,'2023-11-18 00:00:00','2023-11-18 00:00:00',0,1012),(2013,20.00,60,2,2,'2023-11-18 00:00:00','2023-11-18 00:00:00',0,1013),(2014,325.00,30,1,0,'2023-11-18 00:00:00','2023-11-18 00:00:00',0,1014),(2015,300.00,30,1,3,'2023-11-18 00:00:00','2023-11-18 00:00:00',0,1015),(2016,40.00,30,1,1,'2023-11-18 00:00:00','2023-11-18 00:00:00',0,1016),(2017,40.00,30,1,2,'2023-11-18 00:00:00','2023-11-18 00:00:00',0,1017),(2018,451.00,60,2,0,'2023-11-18 00:00:00','2023-11-18 00:00:00',2,1018),(2019,81.00,30,1,1,'2023-11-18 00:00:00','2023-11-18 00:00:00',0,1019),(2020,10.00,30,1,0,'2023-11-18 00:00:00','2023-11-18 00:00:00',3,1006),(2021,10.00,30,1,0,'2023-11-18 00:00:00','2023-11-18 00:00:00',5,1004),(2022,100.00,30,1,0,'2023-11-18 00:00:00','2023-11-18 00:00:00',6,1009),(2023,500.00,60,2,1,'2023-11-18 00:00:00','2023-11-18 00:00:00',3,1020),(2024,10.00,30,1,1,'2023-11-18 00:00:00','2023-11-18 00:00:00',4,1021),(2025,2.50,30,1,1,'2023-11-18 00:00:00','2023-11-18 00:00:00',4,1010),(2026,0.10,30,1,0,'2023-11-18 00:00:00','2023-11-18 00:00:00',5,1022),(2027,20.00,90,3,0,'2023-11-18 00:00:00','2023-11-18 00:00:00',6,1032),(2028,1.00,60,2,1,'2023-11-18 00:00:00','2023-11-18 00:00:00',7,1018),(2029,5.00,30,1,0,'2023-11-18 00:00:00','2023-11-18 00:00:00',8,1007),(2030,40.00,30,1,0,'2023-11-18 00:00:00','2023-11-18 00:00:00',9,1017),(2031,10.00,30,1,1,'2023-11-18 00:00:00','2023-11-18 00:00:00',10,1031),(2032,0.03,30,1,0,'2023-11-18 00:00:00','2023-11-18 00:00:00',11,1006),(2033,10.00,30,1,1,'2023-11-18 00:00:00','2023-11-18 00:00:00',12,1011),(2034,325.00,30,1,2,'2023-11-18 00:00:00','2023-11-18 00:00:00',13,1014),(2035,750.00,20,2,0,'2023-11-18 00:00:00','2023-11-18 00:00:00',14,1002),(2036,325.00,90,3,1,'2023-11-18 00:00:00','2023-11-18 00:00:00',15,1028),(2037,5.00,30,1,0,'2023-11-18 00:00:00','2023-11-18 00:00:00',16,1027),(2038,500.00,30,3,0,'2023-11-18 00:00:00','2023-11-18 00:00:00',17,1000),(2039,10.00,30,1,0,'2023-11-18 00:00:00','2023-11-18 00:00:00',18,1030),(2040,1.00,30,1,1,'2023-11-18 00:00:00','2023-11-18 00:00:00',19,1019),(2041,451.00,60,2,1,'2023-11-18 00:00:00','2023-11-18 00:00:00',20,1018);
/*!40000 ALTER TABLE `pharmaceutical` ENABLE KEYS */;
UNLOCK TABLES;

--
-- Table structure for table `pill`
--

DROP TABLE IF EXISTS `pill`;
/*!40101 SET @saved_cs_client     = @@character_set_client */;
/*!50503 SET character_set_client = utf8mb4 */;
CREATE TABLE `pill` (
  `id_pk` int NOT NULL,
  `taken_timestamp` datetime NOT NULL,
  `pharmaceutical_fk` int NOT NULL,
  `nurse_fk` int NOT NULL,
  PRIMARY KEY (`id_pk`),
  KEY `pharmaceutical_fk` (`pharmaceutical_fk`),
  KEY `nurse_fk` (`nurse_fk`),
  CONSTRAINT `nurse_fk` FOREIGN KEY (`nurse_fk`) REFERENCES `nurse` (`id_pk`),
  CONSTRAINT `pharmaceutical_fk` FOREIGN KEY (`pharmaceutical_fk`) REFERENCES `pharmaceutical` (`id_pk`)
) ENGINE=InnoDB DEFAULT CHARSET=utf8mb4 COLLATE=utf8mb4_0900_ai_ci;
/*!40101 SET character_set_client = @saved_cs_client */;

--
-- Dumping data for table `pill`
--

LOCK TABLES `pill` WRITE;
/*!40000 ALTER TABLE `pill` DISABLE KEYS */;
INSERT INTO `pill` VALUES (100000,'2023-11-11 13:01:05',2000,6000),(100001,'2023-11-12 05:23:15',2000,6000),(100002,'2023-11-12 13:12:36',2000,6000),(100003,'2023-11-13 05:01:05',2000,6000),(100004,'2023-11-13 13:05:48',2000,6000),(100005,'2023-11-14 05:31:15',2000,6000),(100006,'2023-11-14 13:23:15',2000,6000),(100007,'2023-11-15 05:14:30',2000,6000),(100008,'2023-11-15 13:01:05',2000,6000),(100009,'2023-11-16 05:23:15',2000,6000),(100010,'2023-11-16 13:12:36',2000,6000),(100011,'2023-11-17 05:01:05',2000,6000),(100012,'2023-11-17 13:05:48',2000,6000),(100013,'2023-11-18 05:31:15',2000,6000),(100014,'2023-11-18 13:23:15',2000,6000),(100015,'2023-11-19 05:14:30',2000,6000),(100016,'2023-11-19 13:01:05',2000,6000),(100017,'2023-11-20 05:23:15',2000,6000),(100018,'2023-11-20 13:12:36',2000,6000),(100019,'2023-11-21 05:01:05',2000,6000),(100020,'2023-11-21 13:05:48',2000,6000),(100021,'2023-11-22 05:31:15',2000,6000),(100022,'2023-11-22 13:23:15',2000,6000),(100023,'2023-11-23 05:14:30',2000,6000),(100024,'2023-11-23 13:01:05',2000,6000),(100025,'2023-11-24 05:23:15',2000,6000),(100026,'2023-11-24 13:12:36',2000,6000),(100027,'2023-11-25 05:01:05',2000,6000),(100028,'2023-11-25 13:05:48',2000,6000),(100029,'2023-11-26 05:31:15',2000,6000),(100030,'2023-11-11 15:00:00',2038,6000),(100031,'2023-11-12 07:21:15',2038,6000),(100032,'2023-11-12 15:10:36',2038,6000),(100033,'2023-11-13 06:59:05',2038,6000),(100034,'2023-11-13 14:03:48',2038,6000),(100035,'2023-11-14 06:29:15',2038,6000),(100036,'2023-11-14 14:21:15',2038,6000),(100037,'2023-11-15 06:12:30',2038,6000),(100038,'2023-11-15 14:00:00',2038,6000),(100039,'2023-11-16 07:21:15',2038,6000),(100040,'2023-11-16 15:10:36',2038,6000),(100041,'2023-11-17 06:59:05',2038,6000),(100042,'2023-11-17 14:03:48',2038,6000),(100043,'2023-11-18 06:29:15',2038,6000),(100044,'2023-11-18 14:21:15',2038,6000),(100045,'2023-11-19 06:12:30',2038,6000),(100046,'2023-11-19 14:00:00',2038,6000),(100047,'2023-11-20 07:21:15',2038,6000),(100048,'2023-11-20 15:10:36',2038,6000),(100049,'2023-11-21 06:59:05',2038,6000),(100050,'2023-11-21 14:03:48',2038,6000),(100051,'2023-11-22 06:29:15',2038,6000),(100052,'2023-11-22 14:21:15',2038,6000),(100053,'2023-11-23 06:12:30',2038,6000),(100054,'2023-11-23 14:00:00',2038,6000),(100055,'2023-11-24 07:21:15',2038,6000),(100056,'2023-11-24 15:10:36',2038,6000),(100057,'2023-11-25 06:59:05',2038,6000),(100058,'2023-11-25 14:03:48',2038,6000),(100059,'2023-11-26 06:29:15',2038,6000),(100060,'2023-11-11 18:03:05',2001,6000),(100061,'2023-11-12 18:00:21',2001,6000),(100062,'2023-11-13 18:02:44',2001,6000),(100063,'2023-11-14 18:02:11',2001,6000),(100064,'2023-11-15 18:01:38',2001,6000),(100065,'2023-11-16 18:02:51',2001,6000),(100066,'2023-11-17 18:01:33',2001,6000),(100067,'2023-11-18 18:00:22',2001,6000),(100068,'2023-11-19 18:01:58',2001,6000),(100069,'2023-11-20 18:03:15',2001,6000),(100070,'2023-11-21 18:00:53',2001,6000),(100071,'2023-11-22 18:01:20',2001,6000),(100072,'2023-11-23 18:02:02',2001,6000),(100073,'2023-11-24 18:01:33',2001,6000),(100074,'2023-11-25 18:02:18',2001,6000),(100075,'2023-11-26 18:03:02',2001,6000),(100076,'2023-11-27 18:00:58',2001,6000),(100077,'2023-11-28 18:01:20',2001,6000),(100078,'2023-11-29 18:02:14',2001,6000),(100079,'2023-11-30 18:02:54',2001,6000),(100080,'2023-12-01 18:00:43',2001,6000),(100081,'2023-12-02 18:01:34',2001,6000),(100082,'2023-12-03 18:02:01',2001,6000),(100083,'2023-12-04 18:01:29',2001,6000),(100084,'2023-12-05 18:00:21',2001,6000),(100085,'2023-12-06 18:02:11',2001,6000),(100086,'2023-12-07 18:00:57',2001,6000),(100087,'2023-12-08 18:02:41',2001,6000),(100088,'2023-12-09 18:03:03',2001,6000),(100089,'2023-12-10 18:01:57',2001,6000),(100090,'2023-11-11 09:06:07',2002,6000),(100091,'2023-11-11 21:06:20',2002,6000),(100092,'2023-11-12 09:04:39',2002,6000),(100093,'2023-11-12 21:03:56',2002,6000),(100094,'2023-11-13 09:04:22',2002,6000),(100095,'2023-11-13 21:06:15',2002,6000),(100096,'2023-11-14 09:06:53',2002,6000),(100097,'2023-11-14 21:04:13',2002,6000),(100098,'2023-11-15 09:03:30',2002,6000),(100099,'2023-11-15 21:02:45',2002,6000),(100100,'2023-11-16 09:02:11',2002,6000),(100101,'2023-11-16 21:05:07',2002,6000),(100102,'2023-11-17 09:06:29',2002,6000),(100103,'2023-11-17 21:06:42',2002,6000),(100104,'2023-11-18 09:05:08',2002,6000),(100105,'2023-11-18 21:03:22',2002,6000),(100106,'2023-11-19 09:03:47',2002,6000),(100107,'2023-11-19 21:05:18',2002,6000),(100108,'2023-11-20 09:04:56',2002,6000),(100109,'2023-11-20 21:05:27',2002,6000),(100110,'2023-11-11 07:14:09',2035,6000),(100111,'2023-11-11 19:01:31',2035,6000),(100112,'2023-11-12 07:13:38',2035,6000),(100113,'2023-11-12 19:00:16',2035,6000),(100114,'2023-11-13 07:14:09',2035,6000),(100115,'2023-11-13 19:01:31',2035,6000),(100116,'2023-11-14 07:13:38',2035,6000),(100117,'2023-11-14 19:00:16',2035,6000),(100118,'2023-11-15 07:14:09',2035,6000),(100119,'2023-11-15 19:01:31',2035,6000),(100120,'2023-11-16 07:13:38',2035,6000),(100121,'2023-11-16 19:00:16',2035,6000),(100122,'2023-11-17 07:14:09',2035,6000),(100123,'2023-11-17 19:01:31',2035,6000),(100124,'2023-11-18 07:13:38',2035,6000),(100125,'2023-11-18 19:00:16',2035,6000),(100126,'2023-11-19 07:14:09',2035,6000),(100127,'2023-11-19 19:01:31',2035,6000),(100128,'2023-11-20 07:13:38',2035,6000),(100129,'2023-11-20 19:00:16',2035,6000),(100130,'2023-11-11 10:10:01',2003,6000),(100131,'2023-11-12 10:05:58',2003,6000),(100132,'2023-11-12 22:08:45',2003,6000),(100133,'2023-11-13 10:03:32',2003,6000),(100134,'2023-11-13 22:05:54',2003,6000),(100135,'2023-11-14 10:00:21',2003,6000),(100136,'2023-11-14 22:07:11',2003,6000),(100137,'2023-11-15 10:03:59',2003,6000),(100138,'2023-11-15 22:08:14',2003,6000),(100139,'2023-11-16 10:02:07',2003,6000),(100140,'2023-11-16 22:04:30',2003,6000),(100141,'2023-11-17 10:06:53',2003,6000),(100142,'2023-11-17 22:09:43',2003,6000),(100143,'2023-11-18 10:08:27',2003,6000),(100144,'2023-11-18 22:01:50',2003,6000),(100145,'2023-11-19 10:06:18',2003,6000),(100146,'2023-11-19 22:08:41',2003,6000),(100147,'2023-11-20 10:03:28',2003,6000),(100148,'2023-11-20 22:00:57',2003,6000),(100149,'2023-11-21 10:02:14',2003,6000),(100150,'2023-11-21 22:05:28',2003,6000),(100151,'2023-11-22 10:07:51',2003,6000),(100152,'2023-11-22 22:09:14',2003,6000),(100153,'2023-11-23 10:04:01',2003,6000),(100154,'2023-11-23 22:07:18',2003,6000),(100155,'2023-11-24 10:06:45',2003,6000),(100156,'2023-11-24 22:03:02',2003,6000),(100157,'2023-11-25 10:02:30',2003,6000),(100158,'2023-11-25 22:04:53',2003,6000),(100159,'2023-11-26 10:07:16',2003,6000),(100160,'2023-11-11 16:12:11',2004,6000),(100161,'2023-11-12 16:11:11',2004,6000),(100162,'2023-11-13 16:11:23',2004,6000),(100163,'2023-11-14 16:11:35',2004,6000),(100164,'2023-11-15 16:11:47',2004,6000),(100165,'2023-11-16 16:11:59',2004,6000),(100166,'2023-11-17 16:12:11',2004,6000),(100167,'2023-11-18 16:12:23',2004,6000),(100168,'2023-11-19 16:12:35',2004,6000),(100169,'2023-11-20 16:12:47',2004,6000),(100170,'2023-11-21 16:12:59',2004,6000),(100171,'2023-11-22 16:13:11',2004,6000),(100172,'2023-11-23 16:13:23',2004,6000),(100173,'2023-11-24 16:13:35',2004,6000),(100174,'2023-11-25 16:13:47',2004,6000),(100175,'2023-11-26 16:13:59',2004,6000),(100176,'2023-11-27 16:14:11',2004,6000),(100177,'2023-11-28 16:14:23',2004,6000),(100178,'2023-11-29 17:14:35',2004,6000),(100179,'2023-11-30 16:14:47',2004,6000),(100180,'2023-12-01 16:14:59',2004,6000),(100181,'2023-12-02 16:15:11',2004,6000),(100182,'2023-12-03 16:15:23',2004,6000),(100183,'2023-12-04 16:15:35',2004,6000),(100184,'2023-12-05 16:15:47',2004,6000),(100185,'2023-12-06 16:15:59',2004,6000),(100186,'2023-12-07 16:16:11',2004,6000),(100187,'2023-12-08 16:16:23',2004,6000),(100188,'2023-12-09 16:16:35',2004,6000),(100189,'2023-12-10 16:16:47',2004,6000),(100190,'2023-11-11 06:22:19',2005,6000),(100191,'2023-11-12 06:21:39',2005,6000),(100192,'2023-11-13 06:22:01',2005,6000),(100193,'2023-11-14 06:59:30',2005,6000),(100194,'2023-11-15 06:21:58',2005,6000),(100195,'2023-11-16 06:42:19',2005,6000),(100196,'2023-11-17 06:21:58',2005,6000),(100197,'2023-11-18 06:22:29',2005,6000),(100198,'2023-11-19 06:21:48',2005,6000),(100199,'2023-11-20 06:22:13',2005,6000),(100200,'2023-11-21 06:11:43',2005,6000),(100201,'2023-11-22 06:22:00',2005,6000),(100202,'2023-11-23 06:21:29',2005,6000),(100203,'2023-11-24 06:22:09',2005,6000),(100204,'2023-11-25 06:22:27',2005,6000),(100205,'2023-11-26 06:21:53',2005,6000),(100206,'2023-11-27 07:22:12',2005,6000),(100207,'2023-11-28 06:22:29',2005,6000),(100208,'2023-11-29 06:21:50',2005,6000),(100209,'2023-11-30 06:22:15',2005,6000),(100210,'2023-12-01 06:21:42',2005,6000),(100211,'2023-12-02 06:22:02',2005,6000),(100212,'2023-12-03 06:22:25',2005,6000),(100213,'2023-12-04 06:22:07',2005,6000),(100214,'2023-12-05 06:21:34',2005,6000),(100215,'2023-12-06 06:22:19',2005,6000),(100216,'2023-12-07 06:21:55',2005,6000),(100217,'2023-12-08 08:22:36',2005,6000),(100218,'2023-12-09 06:22:08',2005,6000),(100219,'2023-12-10 06:21:47',2005,6000),(100220,'2023-11-11 06:30:25',2006,6000),(100221,'2023-11-12 06:31:16',2006,6000),(100222,'2023-11-13 06:32:02',2006,6000),(100223,'2023-11-14 06:31:43',2006,6000),(100224,'2023-11-15 06:32:32',2006,6000),(100225,'2023-11-16 06:31:47',2006,6000),(100226,'2023-11-17 06:31:11',2006,6000),(100227,'2023-11-18 06:32:10',2006,6000),(100228,'2023-11-19 06:30:58',2006,6000),(100229,'2023-11-20 06:31:43',2006,6000),(100230,'2023-11-21 06:32:16',2006,6000),(100231,'2023-11-22 06:31:55',2006,6000),(100232,'2023-11-23 06:30:41',2006,6000),(100233,'2023-11-24 06:31:34',2006,6000),(100234,'2023-11-25 06:30:59',2006,6000),(100235,'2023-11-26 06:32:02',2006,6000),(100236,'2023-11-27 06:31:30',2006,6000),(100237,'2023-11-28 06:30:29',2006,6000),(100238,'2023-11-29 06:32:18',2006,6000),(100239,'2023-11-30 06:30:52',2006,6000),(100240,'2023-12-01 06:31:40',2006,6000),(100241,'2023-12-02 06:32:15',2006,6000),(100242,'2023-12-03 06:31:22',2006,6000),(100243,'2023-12-04 06:32:18',2006,6000),(100244,'2023-12-05 06:32:06',2006,6000),(100245,'2023-12-06 06:31:57',2006,6000),(100246,'2023-12-07 06:30:50',2006,6000),(100247,'2023-12-08 06:31:34',2006,6000),(100248,'2023-12-09 06:30:58',2006,6000),(100249,'2023-12-10 06:32:10',2006,6000),(100250,'2023-11-11 08:37:25',2032,6000),(100251,'2023-11-12 08:37:56',2032,6000),(100252,'2023-11-13 08:38:23',2032,6000),(100253,'2023-11-14 08:37:45',2032,6000),(100254,'2023-11-15 08:37:33',2032,6000),(100255,'2023-11-16 08:37:51',2032,6000),(100256,'2023-11-17 08:38:12',2032,6000),(100257,'2023-11-18 08:38:03',2032,6000),(100258,'2023-11-19 08:37:46',2032,6000),(100259,'2023-11-20 08:38:15',2032,6000),(100260,'2023-11-21 08:37:58',2032,6000),(100261,'2023-11-22 08:38:10',2032,6000),(100262,'2023-11-23 08:37:34',2032,6000),(100263,'2023-11-24 08:37:52',2032,6000),(100264,'2023-11-25 08:38:21',2032,6000),(100265,'2023-11-26 08:37:42',2032,6000),(100266,'2023-11-27 08:37:59',2032,6000),(100267,'2023-11-28 08:37:28',2032,6000),(100268,'2023-11-29 08:38:14',2032,6000),(100269,'2023-11-30 08:38:04',2032,6000),(100270,'2023-12-01 08:37:49',2032,6000),(100271,'2023-12-02 08:37:40',2032,6000),(100272,'2023-12-03 08:38:02',2032,6000),(100273,'2023-12-04 08:38:20',2032,6000),(100274,'2023-12-05 08:37:36',2032,6000),(100275,'2023-12-06 08:37:56',2032,6000),(100276,'2023-12-07 08:38:11',2032,6000),(100277,'2023-12-08 08:37:49',2032,6000),(100278,'2023-12-09 08:38:03',2032,6000),(100279,'2023-12-10 08:37:54',2032,6000),(100280,'2023-11-11 20:07:05',2007,6000),(100281,'2023-11-12 21:43:12',2007,6000),(100282,'2023-11-13 19:15:29',2007,6000),(100283,'2023-11-14 22:32:48',2007,6000),(100284,'2023-11-15 18:51:09',2007,6000),(100285,'2023-11-16 21:59:43',2007,6000),(100286,'2023-11-17 23:28:06',2007,6000),(100287,'2023-11-18 20:59:57',2007,6000),(100288,'2023-11-19 19:34:27',2007,6000),(100289,'2023-11-20 20:54:28',2007,6000),(100290,'2023-11-21 19:34:09',2007,6000),(100291,'2023-11-22 22:04:45',2007,6000),(100292,'2023-11-23 23:46:51',2007,6000),(100293,'2023-11-24 20:19:04',2007,6000),(100294,'2023-11-25 22:40:49',2007,6000),(100295,'2023-11-26 21:09:36',2007,6000),(100296,'2023-11-27 23:51:18',2007,6000),(100297,'2023-11-28 19:11:22',2007,6000),(100298,'2023-11-29 21:39:08',2007,6000),(100299,'2023-11-30 23:04:55',2007,6000),(100300,'2023-12-01 20:39:19',2007,6000),(100301,'2023-12-02 22:55:37',2007,6000),(100302,'2023-12-03 19:32:02',2007,6000),(100303,'2023-12-04 23:04:28',2007,6000),(100304,'2023-12-05 20:43:55',2007,6000),(100305,'2023-12-06 21:56:20',2007,6000),(100306,'2023-12-07 23:22:47',2007,6000),(100307,'2023-12-08 20:53:38',2007,6000),(100308,'2023-12-09 19:28:08',2007,6000),(100309,'2023-12-10 20:48:10',2007,6000),(100310,'2023-11-11 19:09:04',2029,6000),(100311,'2023-11-12 18:37:52',2029,6000),(100312,'2023-11-13 20:25:16',2029,6000),(100313,'2023-11-14 18:50:38',2029,6000),(100314,'2023-11-15 19:44:27',2029,6000),(100315,'2023-11-16 19:45:46',2029,6000),(100316,'2023-11-17 18:57:02',2029,6000),(100317,'2023-11-18 18:56:21',2029,6000),(100318,'2023-11-19 20:16:09',2029,6000),(100319,'2023-11-20 18:49:32',2029,6000),(100320,'2023-11-21 19:11:29',2029,6000),(100321,'2023-11-22 18:35:18',2029,6000),(100322,'2023-11-23 20:24:37',2029,6000),(100323,'2023-11-24 18:57:19',2029,6000),(100324,'2023-11-25 20:14:46',2029,6000),(100325,'2023-11-26 18:50:23',2029,6000),(100326,'2023-11-27 19:37:08',2029,6000),(100327,'2023-11-28 18:56:57',2029,6000),(100328,'2023-11-29 19:40:14',2029,6000),(100329,'2023-11-30 18:35:11',2029,6000),(100330,'2023-12-01 20:03:43',2029,6000),(100331,'2023-12-02 18:45:27',2029,6000),(100332,'2023-12-03 19:19:04',2029,6000),(100333,'2023-12-04 20:11:08',2029,6000),(100334,'2023-12-05 18:56:31',2029,6000),(100335,'2023-12-06 18:40:49',2029,6000),(100336,'2023-12-07 19:39:22',2029,6000),(100337,'2023-12-08 18:46:12',2029,6000),(100338,'2023-12-09 20:03:08',2029,6000),(100339,'2023-12-10 18:59:54',2029,6000),(100340,'2023-11-11 08:15:01',2008,6000),(100341,'2023-11-11 18:47:36',2008,6000),(100342,'2023-11-12 08:46:53',2008,6000),(100343,'2023-11-12 20:29:17',2008,6000),(100344,'2023-11-13 09:18:44',2008,6000),(100345,'2023-11-13 19:48:24',2008,6000),(100346,'2023-11-14 09:47:36',2008,6000),(100347,'2023-11-14 21:25:55',2008,6000),(100348,'2023-11-15 10:05:20',2008,6000),(100349,'2023-11-15 20:44:42',2008,6000),(100350,'2023-11-16 10:44:03',2008,6000),(100351,'2023-11-16 22:18:36',2008,6000),(100352,'2023-11-17 11:07:56',2008,6000),(100353,'2023-11-17 21:42:29',2008,6000),(100354,'2023-11-18 11:42:10',2008,6000),(100355,'2023-11-18 23:14:46',2008,6000),(100356,'2023-11-19 12:04:05',2008,6000),(100357,'2023-11-19 22:39:29',2008,6000),(100358,'2023-11-20 12:39:10',2008,6000),(100359,'2023-11-20 00:11:56',2008,6000),(100360,'2023-11-21 13:01:14',2008,6000),(100361,'2023-11-21 23:36:49',2008,6000),(100362,'2023-11-22 13:36:31',2008,6000),(100363,'2023-11-22 01:10:05',2008,6000),(100364,'2023-11-23 14:00:23',2008,6000),(100365,'2023-11-23 01:32:58',2008,6000),(100366,'2023-11-24 14:32:39',2008,6000),(100367,'2023-11-24 02:05:14',2008,6000),(100368,'2023-11-25 14:54:31',2008,6000),(100369,'2023-11-25 02:26:06',2008,6000),(100370,'2023-11-26 15:25:47',2008,6000),(100371,'2023-11-26 02:58:22',2008,6000),(100372,'2023-11-27 15:58:03',2008,6000),(100373,'2023-11-27 03:30:39',2008,6000),(100374,'2023-11-28 16:30:20',2008,6000),(100375,'2023-11-28 04:02:55',2008,6000),(100376,'2023-11-29 17:02:36',2008,6000),(100377,'2023-11-29 04:35:11',2008,6000),(100378,'2023-11-30 17:34:52',2008,6000),(100379,'2023-11-30 05:07:28',2008,6000),(100380,'2023-12-01 18:07:09',2008,6000),(100381,'2023-12-01 05:39:43',2008,6000),(100382,'2023-12-02 18:39:25',2008,6000),(100383,'2023-12-02 07:11:59',2008,6000),(100384,'2023-12-03 20:11:41',2008,6000),(100385,'2023-12-03 08:44:15',2008,6000),(100386,'2023-12-04 21:43:57',2008,6000),(100387,'2023-12-04 10:16:31',2008,6000),(100388,'2023-12-05 23:16:13',2008,6000),(100389,'2023-12-05 11:48:47',2008,6000),(100390,'2023-12-06 00:48:29',2008,6000),(100391,'2023-12-06 12:21:03',2008,6000),(100392,'2023-12-07 01:20:45',2008,6000),(100393,'2023-12-07 12:53:19',2008,6000),(100394,'2023-12-08 01:52:59',2008,6000),(100395,'2023-12-08 13:25:34',2008,6000),(100396,'2023-12-09 02:25:15',2008,6000),(100397,'2023-12-09 13:57:50',2008,6000),(100398,'2023-12-10 02:57:31',2008,6000),(100399,'2023-12-10 14:30:05',2008,6000),(100400,'2023-11-11 07:10:08',2009,6000),(100401,'2023-11-12 07:30:41',2009,6000),(100402,'2023-11-13 08:12:54',2009,6000),(100403,'2023-11-14 06:45:27',2009,6000),(100404,'2023-11-15 09:02:33',2009,6000),(100405,'2023-11-16 07:58:15',2009,6000),(100406,'2023-11-17 08:37:09',2009,6000),(100407,'2023-11-18 06:41:22',2009,6000),(100408,'2023-11-19 08:52:14',2009,6000),(100409,'2023-11-20 07:24:47',2009,6000),(100410,'2023-11-21 09:05:21',2009,6000),(100411,'2023-11-22 07:30:53',2009,6000),(100412,'2023-11-23 09:42:12',2009,6000),(100413,'2023-11-24 07:28:45',2009,6000),(100414,'2023-11-25 09:19:08',2009,6000),(100415,'2023-11-26 07:56:01',2009,6000),(100416,'2023-11-27 08:35:26',2009,6000),(100417,'2023-11-28 07:09:38',2009,6000),(100418,'2023-11-29 09:20:11',2009,6000),(100419,'2023-11-30 07:52:44',2009,6000),(100420,'2023-12-01 09:33:18',2009,6000),(100421,'2023-12-02 07:58:50',2009,6000),(100422,'2023-12-03 10:10:09',2009,6000),(100423,'2023-12-04 07:56:42',2009,6000),(100424,'2023-12-05 09:47:05',2009,6000),(100425,'2023-12-06 08:23:58',2009,6000),(100426,'2023-12-07 09:03:23',2009,6000),(100427,'2023-12-08 07:37:35',2009,6000),(100428,'2023-12-09 09:48:08',2009,6000),(100429,'2023-12-10 08:20:41',2009,6000),(100430,'2023-11-11 06:00:08',2010,6000),(100431,'2023-11-12 07:43:52',2010,6000),(100432,'2023-11-13 04:22:14',2010,6000),(100433,'2023-11-14 07:02:45',2010,6000),(100434,'2023-11-15 05:55:26',2010,6000),(100435,'2023-11-16 06:55:18',2010,6000),(100436,'2023-11-17 09:18:01',2010,6000),(100437,'2023-11-18 08:11:23',2010,6000),(100438,'2023-11-19 07:25:47',2010,6000),(100439,'2023-11-20 09:47:12',2010,6000),(100440,'2023-11-21 07:15:39',2010,6000),(100441,'2023-11-22 08:32:59',2010,6000),(100442,'2023-11-23 09:34:13',2010,6000),(100443,'2023-11-24 06:45:52',2010,6000),(100444,'2023-11-25 07:35:42',2010,6000),(100445,'2023-11-26 09:21:59',2010,6000),(100446,'2023-11-27 08:43:14',2010,6000),(100447,'2023-11-28 05:24:42',2010,6000),(100448,'2023-11-29 08:12:39',2010,6000),(100449,'2023-11-30 06:02:08',2010,6000),(100450,'2023-12-01 05:31:59',2010,6000),(100451,'2023-12-02 08:13:56',2010,6000),(100452,'2023-12-03 09:58:17',2010,6000),(100453,'2023-12-04 08:54:29',2010,6000),(100454,'2023-12-05 05:37:21',2010,6000),(100455,'2023-12-06 09:01:14',2010,6000),(100456,'2023-12-07 06:55:08',2010,6000),(100457,'2023-12-08 08:40:28',2010,6000),(100458,'2023-12-09 09:23:41',2010,6000),(100459,'2023-12-10 07:09:02',2010,6000),(100460,'2023-11-11 16:00:08',2025,6000),(100461,'2023-11-12 17:45:21',2025,6000),(100462,'2023-11-13 15:32:44',2025,6000),(100463,'2023-11-14 18:22:11',2025,6000),(100464,'2023-11-15 15:10:38',2025,6000),(100465,'2023-11-16 16:47:51',2025,6000),(100466,'2023-11-17 17:31:33',2025,6000),(100467,'2023-11-18 14:20:22',2025,6000),(100468,'2023-11-19 18:01:58',2025,6000),(100469,'2023-11-20 15:53:15',2025,6000),(100470,'2023-11-21 16:30:53',2025,6000),(100471,'2023-11-22 17:01:20',2025,6000),(100472,'2023-11-23 15:52:02',2025,6000),(100473,'2023-11-24 16:33:33',2025,6000),(100474,'2023-11-25 17:18:18',2025,6000),(100475,'2023-11-26 16:03:02',2025,6000),(100476,'2023-11-27 17:00:58',2025,6000),(100477,'2023-11-28 15:41:20',2025,6000),(100478,'2023-11-29 17:12:14',2025,6000),(100479,'2023-11-30 16:32:54',2025,6000),(100480,'2023-12-01 15:20:43',2025,6000),(100481,'2023-12-02 17:11:34',2025,6000),(100482,'2023-12-03 15:52:01',2025,6000),(100483,'2023-12-04 16:33:29',2025,6000),(100484,'2023-12-05 17:20:21',2025,6000),(100485,'2023-12-06 15:32:11',2025,6000),(100486,'2023-12-07 16:00:57',2025,6000),(100487,'2023-12-08 17:42:41',2025,6000),(100488,'2023-12-09 16:33:03',2025,6000),(100489,'2023-12-10 17:21:57',2025,6000),(100490,'2023-11-11 14:02:08',2011,6000),(100491,'2023-11-12 16:45:21',2011,6000),(100492,'2023-11-13 13:28:54',2011,6000),(100493,'2023-11-14 15:10:12',2011,6000),(100494,'2023-11-15 16:50:36',2011,6000),(100495,'2023-11-16 14:33:48',2011,6000),(100496,'2023-11-17 14:02:08',2011,6000),(100497,'2023-11-18 16:45:21',2011,6000),(100498,'2023-11-19 13:28:54',2011,6000),(100499,'2023-11-20 15:10:12',2011,6000),(100500,'2023-11-21 16:50:36',2011,6000),(100501,'2023-11-22 14:33:48',2011,6000),(100502,'2023-11-23 14:02:08',2011,6000),(100503,'2023-11-24 16:45:21',2011,6000),(100504,'2023-11-25 13:28:54',2011,6000),(100505,'2023-11-26 15:10:12',2011,6000),(100506,'2023-11-27 16:50:36',2011,6000),(100507,'2023-11-28 14:33:48',2011,6000),(100508,'2023-11-29 14:02:08',2011,6000),(100509,'2023-11-30 16:45:21',2011,6000),(100510,'2023-12-01 13:28:54',2011,6000),(100511,'2023-12-02 15:10:12',2011,6000),(100512,'2023-12-03 16:50:36',2011,6000),(100513,'2023-12-04 14:33:48',2011,6000),(100514,'2023-12-05 14:02:08',2011,6000),(100515,'2023-12-06 16:45:21',2011,6000),(100516,'2023-12-07 13:28:54',2011,6000),(100517,'2023-12-08 15:10:12',2011,6000),(100518,'2023-12-09 16:50:36',2011,6000),(100519,'2023-12-10 14:33:48',2011,6000),(100520,'2023-11-11 13:06:08',2033,6000),(100521,'2023-11-12 14:54:37',2033,6000),(100522,'2023-11-13 16:36:29',2033,6000),(100523,'2023-11-14 15:20:44',2033,6000),(100524,'2023-11-15 14:16:53',2033,6000),(100525,'2023-11-16 14:22:08',2033,6000),(100526,'2023-11-17 15:38:59',2033,6000),(100527,'2023-11-18 16:22:14',2033,6000),(100528,'2023-11-19 17:09:43',2033,6000),(100529,'2023-11-20 18:18:14',2033,6000),(100530,'2023-11-21 19:09:22',2033,6000),(100531,'2023-11-22 19:57:50',2033,6000),(100532,'2023-11-23 18:52:02',2033,6000),(100533,'2023-11-24 19:44:19',2033,6000),(100534,'2023-11-25 20:32:49',2033,6000),(100535,'2023-11-26 21:26:03',2033,6000),(100536,'2023-11-27 22:15:25',2033,6000),(100537,'2023-11-28 23:06:32',2033,6000),(100538,'2023-11-29 23:56:04',2033,6000),(100539,'2023-11-30 00:47:11',2033,6000),(100540,'2023-12-01 01:38:52',2033,6000),(100541,'2023-12-02 02:28:05',2033,6000),(100542,'2023-12-03 03:19:47',2033,6000),(100543,'2023-12-04 04:11:12',2033,6000),(100544,'2023-12-05 05:02:19',2033,6000),(100545,'2023-12-06 05:53:52',2033,6000),(100546,'2023-12-07 06:44:47',2033,6000),(100547,'2023-12-08 07:36:15',2033,6000),(100548,'2023-12-09 08:27:48',2033,6000),(100549,'2023-12-10 09:18:54',2033,6000),(100550,'2023-11-11 06:00:08',2012,6000),(100551,'2023-11-11 13:43:12',2012,6000),(100552,'2023-11-11 18:55:47',2012,6000),(100553,'2023-11-12 08:07:12',2012,6000),(100554,'2023-11-12 12:09:55',2012,6000),(100555,'2023-11-12 19:46:29',2012,6000),(100556,'2023-11-13 09:18:32',2012,6000),(100557,'2023-11-13 14:52:49',2012,6000),(100558,'2023-11-13 19:01:11',2012,6000),(100559,'2023-11-14 06:00:08',2012,6000),(100560,'2023-11-14 12:27:41',2012,6000),(100561,'2023-11-14 18:40:15',2012,6000),(100562,'2023-11-15 08:04:51',2012,6000),(100563,'2023-11-15 13:09:25',2012,6000),(100564,'2023-11-15 19:22:29',2012,6000),(100565,'2023-11-16 09:34:05',2012,6000),(100566,'2023-11-16 14:42:18',2012,6000),(100567,'2023-11-16 19:53:46',2012,6000),(100568,'2023-11-17 06:34:50',2012,6000),(100569,'2023-11-17 12:00:08',2012,6000),(100570,'2023-11-17 17:21:59',2012,6000),(100571,'2023-11-18 07:31:11',2012,6000),(100572,'2023-11-18 11:43:04',2012,6000),(100573,'2023-11-18 19:18:29',2012,6000),(100574,'2023-11-19 09:50:32',2012,6000),(100575,'2023-11-19 15:24:49',2012,6000),(100576,'2023-11-19 19:33:11',2012,6000),(100577,'2023-11-20 06:00:08',2012,6000),(100578,'2023-11-20 12:27:41',2012,6000),(100579,'2023-11-20 18:40:15',2012,6000),(100580,'2023-11-21 08:04:51',2012,6000),(100581,'2023-11-21 13:09:25',2012,6000),(100582,'2023-11-21 19:22:29',2012,6000),(100583,'2023-11-22 09:34:05',2012,6000),(100584,'2023-11-22 14:42:18',2012,6000),(100585,'2023-11-22 19:53:46',2012,6000),(100586,'2023-11-23 06:34:50',2012,6000),(100587,'2023-11-23 12:00:08',2012,6000),(100588,'2023-11-23 17:21:59',2012,6000),(100589,'2023-11-24 07:31:11',2012,6000),(100590,'2023-11-24 11:43:04',2012,6000),(100591,'2023-11-24 19:18:29',2012,6000),(100592,'2023-11-25 09:50:32',2012,6000),(100593,'2023-11-25 15:24:49',2012,6000),(100594,'2023-11-25 19:33:11',2012,6000),(100595,'2023-11-26 06:00:08',2012,6000),(100596,'2023-11-26 12:27:41',2012,6000),(100597,'2023-11-26 18:40:15',2012,6000),(100598,'2023-11-27 08:04:51',2012,6000),(100599,'2023-11-27 13:09:25',2012,6000),(100600,'2023-11-27 19:22:29',2012,6000),(100601,'2023-11-28 09:34:05',2012,6000),(100602,'2023-11-28 14:42:18',2012,6000),(100603,'2023-11-28 19:53:46',2012,6000),(100604,'2023-11-29 06:34:50',2012,6000),(100605,'2023-11-29 12:00:08',2012,6000),(100606,'2023-11-29 17:21:59',2012,6000),(100607,'2023-11-30 07:31:11',2012,6000),(100608,'2023-11-30 11:43:04',2012,6000),(100609,'2023-11-30 19:18:29',2012,6000),(100610,'2023-12-01 09:50:32',2012,6000),(100611,'2023-12-01 15:24:49',2012,6000),(100612,'2023-12-01 19:33:11',2012,6000),(100613,'2023-12-02 06:00:08',2012,6000),(100614,'2023-12-02 12:27:41',2012,6000),(100615,'2023-12-02 18:40:15',2012,6000),(100616,'2023-12-03 08:04:51',2012,6000),(100617,'2023-12-03 13:09:25',2012,6000),(100618,'2023-12-03 19:22:29',2012,6000),(100619,'2023-12-04 09:34:05',2012,6000),(100620,'2023-12-04 14:42:18',2012,6000),(100621,'2023-12-04 19:53:46',2012,6000),(100622,'2023-12-05 06:34:50',2012,6000),(100623,'2023-12-05 12:00:08',2012,6000),(100624,'2023-12-05 17:21:59',2012,6000),(100625,'2023-12-06 07:31:11',2012,6000),(100626,'2023-12-06 11:43:04',2012,6000),(100627,'2023-12-06 19:18:29',2012,6000),(100628,'2023-12-07 09:50:32',2012,6000),(100629,'2023-12-07 15:24:49',2012,6000),(100630,'2023-12-07 19:33:11',2012,6000),(100631,'2023-12-08 06:00:08',2012,6000),(100632,'2023-12-08 12:27:41',2012,6000),(100633,'2023-12-08 18:40:15',2012,6000),(100634,'2023-12-09 08:04:51',2012,6000),(100635,'2023-12-09 13:09:25',2012,6000),(100636,'2023-12-09 19:22:29',2012,6000),(100637,'2023-12-10 09:34:05',2012,6000),(100638,'2023-12-10 14:42:18',2012,6000),(100639,'2023-12-10 19:53:46',2012,6000),(100640,'2023-12-11 06:34:50',2012,6000),(100641,'2023-12-11 12:00:08',2012,6000),(100642,'2023-11-11 08:00:08',2013,6000),(100643,'2023-11-11 18:45:34',2013,6000),(100644,'2023-11-12 08:22:57',2013,6000),(100645,'2023-11-12 18:09:42',2013,6000),(100646,'2023-11-13 08:34:08',2013,6000),(100647,'2023-11-13 18:12:23',2013,6000),(100648,'2023-11-14 08:34:57',2013,6000),(100649,'2023-11-14 18:21:46',2013,6000),(100650,'2023-11-15 08:07:08',2013,6000),(100651,'2023-11-15 18:52:19',2013,6000),(100652,'2023-11-16 08:35:22',2013,6000),(100653,'2023-11-16 18:22:45',2013,6000),(100654,'2023-11-17 08:08:03',2013,6000),(100655,'2023-11-17 18:51:19',2013,6000),(100656,'2023-11-18 08:29:37',2013,6000),(100657,'2023-11-18 18:16:08',2013,6000),(100658,'2023-11-19 08:44:57',2013,6000),(100659,'2023-11-19 18:31:26',2013,6000),(100660,'2023-11-20 08:27:08',2013,6000),(100661,'2023-11-20 18:14:14',2013,6000),(100662,'2023-11-21 08:13:08',2013,6000),(100663,'2023-11-21 18:56:28',2013,6000),(100664,'2023-11-22 08:43:47',2013,6000),(100665,'2023-11-22 18:30:52',2013,6000),(100666,'2023-11-23 08:33:38',2013,6000),(100667,'2023-11-23 18:20:57',2013,6000),(100668,'2023-11-24 08:38:08',2013,6000),(100669,'2023-11-24 18:25:24',2013,6000),(100670,'2023-11-25 08:03:57',2013,6000),(100671,'2023-11-25 18:49:08',2013,6000),(100672,'2023-11-26 08:26:28',2013,6000),(100673,'2023-11-26 18:13:17',2013,6000),(100674,'2023-11-27 08:54:08',2013,6000),(100675,'2023-11-27 18:41:28',2013,6000),(100676,'2023-11-28 08:09:52',2013,6000),(100677,'2023-11-28 18:56:14',2013,6000),(100678,'2023-11-29 08:55:08',2013,6000),(100679,'2023-11-29 18:42:21',2013,6000),(100680,'2023-11-30 08:10:08',2013,6000),(100681,'2023-11-30 18:45:42',2013,6000),(100682,'2023-12-01 08:22:57',2013,6000),(100683,'2023-12-01 18:09:33',2013,6000),(100684,'2023-12-02 08:34:08',2013,6000),(100685,'2023-12-02 18:12:19',2013,6000),(100686,'2023-12-03 08:34:57',2013,6000),(100687,'2023-12-03 18:21:49',2013,6000),(100688,'2023-12-04 08:07:08',2013,6000),(100689,'2023-12-04 18:52:18',2013,6000),(100690,'2023-12-05 08:35:22',2013,6000),(100691,'2023-12-05 18:22:43',2013,6000),(100692,'2023-12-06 08:08:03',2013,6000),(100693,'2023-12-06 18:51:17',2013,6000),(100694,'2023-12-07 08:29:37',2013,6000),(100695,'2023-12-07 18:16:04',2013,6000),(100696,'2023-12-08 08:44:57',2013,6000),(100697,'2023-12-08 18:31:21',2013,6000),(100698,'2023-12-09 08:27:08',2013,6000),(100699,'2023-12-09 18:14:10',2013,6000),(100700,'2023-12-10 08:13:08',2013,6000),(100701,'2023-12-10 18:56:26',2013,6000),(100702,'2023-11-11 08:20:08',2014,6000),(100703,'2023-11-12 09:45:32',2014,6000),(100704,'2023-11-13 07:10:56',2014,6000),(100705,'2023-11-14 10:35:20',2014,6000),(100706,'2023-11-15 08:00:44',2014,6000),(100707,'2023-11-16 09:26:08',2014,6000),(100708,'2023-11-17 07:51:32',2014,6000),(100709,'2023-11-18 11:15:56',2014,6000),(100710,'2023-11-19 08:41:20',2014,6000),(100711,'2023-11-20 10:06:44',2014,6000),(100712,'2023-11-21 08:32:08',2014,6000),(100713,'2023-11-22 09:57:32',2014,6000),(100714,'2023-11-23 08:22:56',2014,6000),(100715,'2023-11-24 09:48:20',2014,6000),(100716,'2023-11-25 08:13:44',2014,6000),(100717,'2023-11-26 09:39:08',2014,6000),(100718,'2023-11-27 08:04:32',2014,6000),(100719,'2023-11-28 09:29:56',2014,6000),(100720,'2023-11-29 07:55:20',2014,6000),(100721,'2023-11-30 11:19:44',2014,6000),(100722,'2023-12-01 08:45:08',2014,6000),(100723,'2023-12-02 10:10:32',2014,6000),(100724,'2023-12-03 08:35:56',2014,6000),(100725,'2023-12-04 10:00:20',2014,6000),(100726,'2023-12-05 08:25:44',2014,6000),(100727,'2023-12-06 09:51:08',2014,6000),(100728,'2023-12-07 08:16:32',2014,6000),(100729,'2023-12-08 09:41:56',2014,6000),(100730,'2023-12-09 08:07:20',2014,6000),(100731,'2023-12-10 09:32:44',2014,6000),(100732,'2023-11-11 18:20:08',2034,6000),(100733,'2023-11-12 18:58:33',2034,6000),(100734,'2023-11-13 18:44:50',2034,6000),(100735,'2023-11-14 18:20:54',2034,6000),(100736,'2023-11-15 18:45:27',2034,6000),(100737,'2023-11-16 18:30:18',2034,6000),(100738,'2023-11-17 18:57:01',2034,6000),(100739,'2023-11-18 18:37:14',2034,6000),(100740,'2023-11-19 18:48:05',2034,6000),(100741,'2023-11-20 18:22:39',2034,6000),(100742,'2023-11-21 18:49:48',2034,6000),(100743,'2023-11-22 18:25:14',2034,6000),(100744,'2023-11-23 18:56:27',2034,6000),(100745,'2023-11-24 18:31:10',2034,6000),(100746,'2023-11-25 18:23:59',2034,6000),(100747,'2023-11-26 18:56:15',2034,6000),(100748,'2023-11-27 18:45:49',2034,6000),(100749,'2023-11-28 18:20:33',2034,6000),(100750,'2023-11-29 18:54:42',2034,6000),(100751,'2023-11-30 18:36:11',2034,6000),(100752,'2023-12-01 18:58:02',2034,6000),(100753,'2023-12-02 18:40:23',2034,6000),(100754,'2023-12-03 18:45:59',2034,6000),(100755,'2023-12-04 18:33:17',2034,6000),(100756,'2023-12-05 18:22:21',2034,6000),(100757,'2023-12-06 18:50:04',2034,6000),(100758,'2023-12-07 18:39:58',2034,6000),(100759,'2023-12-08 18:54:28',2034,6000),(100760,'2023-12-09 18:25:42',2034,6000),(100761,'2023-12-10 18:56:19',2034,6000),(100762,'2023-11-11 11:10:08',2015,6000),(100763,'2023-11-12 12:32:45',2015,6000),(100764,'2023-11-13 10:43:19',2015,6000),(100765,'2023-11-14 14:56:32',2015,6000),(100766,'2023-11-15 09:28:15',2015,6000),(100767,'2023-11-16 13:42:02',2015,6000),(100768,'2023-11-17 10:54:47',2015,6000),(100769,'2023-11-18 11:25:39',2015,6000),(100770,'2023-11-19 13:48:55',2015,6000),(100771,'2023-11-20 14:38:20',2015,6000),(100772,'2023-11-21 09:01:57',2015,6000),(100773,'2023-11-22 12:14:12',2015,6000),(100774,'2023-11-23 13:26:48',2015,6000),(100775,'2023-11-24 10:58:31',2015,6000),(100776,'2023-11-25 11:40:55',2015,6000),(100777,'2023-11-26 14:53:08',2015,6000),(100778,'2023-11-27 09:25:51',2015,6000),(100779,'2023-11-28 13:39:38',2015,6000),(100780,'2023-11-29 10:52:23',2015,6000),(100781,'2023-11-30 11:23:15',2015,6000),(100782,'2023-12-01 13:46:32',2015,6000),(100783,'2023-12-02 14:35:57',2015,6000),(100784,'2023-12-03 09:09:34',2015,6000),(100785,'2023-12-04 12:21:49',2015,6000),(100786,'2023-12-05 13:34:25',2015,6000),(100787,'2023-12-06 11:06:08',2015,6000),(100788,'2023-12-07 11:47:32',2015,6000),(100789,'2023-12-08 15:00:45',2015,6000),(100790,'2023-12-09 09:33:28',2015,6000),(100791,'2023-12-10 13:47:15',2015,6000),(100792,'2023-11-11 11:30:08',2016,6000),(100793,'2023-11-12 12:44:52',2016,6000),(100794,'2023-11-13 10:15:37',2016,6000),(100795,'2023-11-14 11:57:20',2016,6000),(100796,'2023-11-15 09:12:04',2016,6000),(100797,'2023-11-16 12:01:39',2016,6000),(100798,'2023-11-17 10:27:56',2016,6000),(100799,'2023-11-18 11:09:43',2016,6000),(100800,'2023-11-19 08:38:21',2016,6000),(100801,'2023-11-20 10:20:04',2016,6000),(100802,'2023-11-21 07:34:48',2016,6000),(100803,'2023-11-22 10:24:23',2016,6000),(100804,'2023-11-23 08:50:40',2016,6000),(100805,'2023-11-24 09:32:27',2016,6000),(100806,'2023-11-25 06:01:05',2016,6000),(100807,'2023-11-26 07:42:48',2016,6000),(100808,'2023-11-27 05:57:32',2016,6000),(100809,'2023-11-28 08:47:07',2016,6000),(100810,'2023-11-29 07:13:24',2016,6000),(100811,'2023-11-30 07:55:11',2016,6000),(100812,'2023-12-01 05:09:55',2016,6000),(100813,'2023-12-02 08:09:30',2016,6000),(100814,'2023-12-03 06:35:47',2016,6000),(100815,'2023-12-04 07:17:34',2016,6000),(100816,'2023-12-05 04:46:12',2016,6000),(100817,'2023-12-06 06:27:55',2016,6000),(100818,'2023-12-07 04:42:39',2016,6000),(100819,'2023-12-08 07:32:14',2016,6000),(100820,'2023-12-09 06:05:52',2016,6000),(100821,'2023-12-10 06:47:35',2016,6000),(100822,'2023-11-11 11:20:08',2017,6000),(100823,'2023-11-12 13:45:21',2017,6000),(100824,'2023-11-13 09:37:44',2017,6000),(100825,'2023-11-14 15:22:11',2017,6000),(100826,'2023-11-15 10:05:38',2017,6000),(100827,'2023-11-16 12:47:51',2017,6000),(100828,'2023-11-17 14:39:33',2017,6000),(100829,'2023-11-18 16:29:22',2017,6000),(100830,'2023-11-19 09:41:58',2017,6000),(100831,'2023-11-20 11:20:15',2017,6000),(100832,'2023-11-21 14:10:53',2017,6000),(100833,'2023-11-22 08:31:20',2017,6000),(100834,'2023-11-23 16:02:02',2017,6000),(100835,'2023-11-24 11:51:33',2017,6000),(100836,'2023-11-25 13:32:18',2017,6000),(100837,'2023-11-26 15:03:02',2017,6000),(100838,'2023-11-27 09:20:58',2017,6000),(100839,'2023-11-28 10:11:20',2017,6000),(100840,'2023-11-29 12:02:14',2017,6000),(100841,'2023-11-30 14:32:54',2017,6000),(100842,'2023-12-01 08:30:43',2017,6000),(100843,'2023-12-02 09:21:34',2017,6000),(100844,'2023-12-03 11:52:01',2017,6000),(100845,'2023-12-04 06:41:29',2017,6000),(100846,'2023-12-05 08:20:21',2017,6000),(100847,'2023-12-06 09:59:11',2017,6000),(100848,'2023-12-07 11:35:57',2017,6000),(100849,'2023-12-08 15:02:41',2017,6000),(100850,'2023-12-09 10:33:03',2017,6000),(100851,'2023-12-10 12:31:57',2017,6000),(100852,'2023-11-11 10:20:08',2030,6000),(100853,'2023-11-12 12:40:37',2030,6000),(100854,'2023-11-13 08:15:49',2030,6000),(100855,'2023-11-14 09:45:20',2030,6000),(100856,'2023-11-15 10:30:53',2030,6000),(100857,'2023-11-16 12:05:14',2030,6000),(100858,'2023-11-17 08:50:26',2030,6000),(100859,'2023-11-18 11:10:01',2030,6000),(100860,'2023-11-19 08:05:12',2030,6000),(100861,'2023-11-20 10:35:05',2030,6000),(100862,'2023-11-21 11:50:42',2030,6000),(100863,'2023-11-22 09:40:19',2030,6000),(100864,'2023-11-23 12:00:48',2030,6000),(100865,'2023-11-24 08:35:59',2030,6000),(100866,'2023-11-25 10:05:30',2030,6000),(100867,'2023-11-26 11:51:03',2030,6000),(100868,'2023-11-27 09:35:56',2030,6000),(100869,'2023-11-28 11:05:29',2030,6000),(100870,'2023-11-29 09:40:41',2030,6000),(100871,'2023-11-30 11:10:16',2030,6000),(100872,'2023-12-01 08:20:33',2030,6000),(100873,'2023-12-02 10:40:02',2030,6000),(100874,'2023-12-03 08:15:14',2030,6000),(100875,'2023-12-04 09:44:45',2030,6000),(100876,'2023-12-05 10:30:18',2030,6000),(100877,'2023-12-06 12:04:39',2030,6000),(100878,'2023-12-07 08:49:51',2030,6000),(100879,'2023-12-08 11:09:26',2030,6000),(100880,'2023-12-09 08:04:37',2030,6000),(100881,'2023-12-10 10:34:30',2030,6000),(100882,'2023-11-11 07:20:08',2018,6000),(100883,'2023-11-11 18:55:37',2018,6000),(100884,'2023-11-12 08:50:20',2018,6000),(100885,'2023-11-12 20:45:04',2018,6000),(100886,'2023-11-13 10:17:35',2018,6000),(100887,'2023-11-13 21:39:23',2018,6000),(100888,'2023-11-14 08:36:49',2018,6000),(100889,'2023-11-14 19:16:56',2018,6000),(100890,'2023-11-15 09:00:31',2018,6000),(100891,'2023-11-15 20:49:53',2018,6000),(100892,'2023-11-16 08:14:58',2018,6000),(100893,'2023-11-16 19:46:01',2018,6000),(100894,'2023-11-17 09:33:45',2018,6000),(100895,'2023-11-17 21:06:39',2018,6000),(100896,'2023-11-18 07:31:51',2018,6000),(100897,'2023-11-18 19:16:03',2018,6000),(100898,'2023-11-19 08:04:02',2018,6000),(100899,'2023-11-19 18:43:20',2018,6000),(100900,'2023-11-20 09:09:43',2018,6000),(100901,'2023-11-20 20:42:11',2018,6000),(100902,'2023-11-21 07:57:44',2018,6000),(100903,'2023-11-21 18:38:06',2018,6000),(100904,'2023-11-22 08:17:33',2018,6000),(100905,'2023-11-22 19:52:29',2018,6000),(100906,'2023-11-23 09:42:51',2018,6000),(100907,'2023-11-23 20:26:37',2018,6000),(100908,'2023-11-24 07:53:13',2018,6000),(100909,'2023-11-24 19:45:02',2018,6000),(100910,'2023-11-25 09:19:32',2018,6000),(100911,'2023-11-25 21:02:12',2018,6000),(100912,'2023-11-26 07:22:58',2018,6000),(100913,'2023-11-26 19:05:40',2018,6000),(100914,'2023-11-27 08:56:04',2018,6000),(100915,'2023-11-27 20:45:13',2018,6000),(100916,'2023-11-28 10:07:55',2018,6000),(100917,'2023-11-28 21:34:27',2018,6000),(100918,'2023-11-29 08:31:54',2018,6000),(100919,'2023-11-29 20:16:21',2018,6000),(100920,'2023-11-30 09:04:07',2018,6000),(100921,'2023-11-30 20:42:39',2018,6000),(100922,'2023-12-01 08:05:36',2018,6000),(100923,'2023-12-01 19:39:02',2018,6000),(100924,'2023-12-02 09:22:26',2018,6000),(100925,'2023-12-02 21:07:12',2018,6000),(100926,'2023-12-03 07:25:44',2018,6000),(100927,'2023-12-03 19:00:58',2018,6000),(100928,'2023-12-04 08:48:23',2018,6000),(100929,'2023-12-04 20:31:09',2018,6000),(100930,'2023-12-05 09:00:14',2018,6000),(100931,'2023-12-05 20:34:35',2018,6000),(100932,'2023-12-06 08:21:48',2018,6000),(100933,'2023-12-06 19:53:06',2018,6000),(100934,'2023-12-07 09:40:12',2018,6000),(100935,'2023-12-07 21:24:45',2018,6000),(100936,'2023-12-08 07:45:19',2018,6000),(100937,'2023-12-08 19:19:32',2018,6000),(100938,'2023-12-09 09:07:37',2018,6000),(100939,'2023-12-09 20:41:04',2018,6000),(100940,'2023-12-10 08:03:58',2018,6000),(100941,'2023-12-10 19:37:21',2018,6000),(100942,'2023-11-11 06:30:08',2041,6000),(100943,'2023-11-11 21:12:43',2041,6000),(100944,'2023-11-12 06:12:23',2041,6000),(100945,'2023-11-12 20:54:57',2041,6000),(100946,'2023-11-13 06:48:41',2041,6000),(100947,'2023-11-13 21:31:16',2041,6000),(100948,'2023-11-14 06:22:55',2041,6000),(100949,'2023-11-14 21:05:29',2041,6000),(100950,'2023-11-15 06:59:13',2041,6000),(100951,'2023-11-15 21:41:48',2041,6000),(100952,'2023-11-16 06:33:27',2041,6000),(100953,'2023-11-16 21:16:01',2041,6000),(100954,'2023-11-17 06:07:41',2041,6000),(100955,'2023-11-17 20:50:15',2041,6000),(100956,'2023-11-18 06:43:55',2041,6000),(100957,'2023-11-18 21:26:29',2041,6000),(100958,'2023-11-19 06:18:09',2041,6000),(100959,'2023-11-19 21:00:44',2041,6000),(100960,'2023-11-20 06:54:27',2041,6000),(100961,'2023-11-20 21:37:02',2041,6000),(100962,'2023-11-21 06:28:41',2041,6000),(100963,'2023-11-21 21:11:15',2041,6000),(100964,'2023-11-22 06:02:55',2041,6000),(100965,'2023-11-22 20:45:29',2041,6000),(100966,'2023-11-23 06:39:13',2041,6000),(100967,'2023-11-23 21:21:48',2041,6000),(100968,'2023-11-24 06:13:27',2041,6000),(100969,'2023-11-24 20:56:01',2041,6000),(100970,'2023-11-25 06:47:41',2041,6000),(100971,'2023-11-25 21:30:15',2041,6000),(100972,'2023-11-26 06:21:55',2041,6000),(100973,'2023-11-26 21:04:29',2041,6000),(100974,'2023-11-27 06:58:09',2041,6000),(100975,'2023-11-27 21:40:44',2041,6000),(100976,'2023-11-28 06:32:27',2041,6000),(100977,'2023-11-28 21:15:02',2041,6000),(100978,'2023-11-29 06:06:41',2041,6000),(100979,'2023-11-29 20:49:15',2041,6000),(100980,'2023-11-30 06:42:55',2041,6000),(100981,'2023-11-30 21:25:29',2041,6000),(100982,'2023-12-01 06:17:09',2041,6000),(100983,'2023-12-01 21:00:44',2041,6000),(100984,'2023-12-02 06:54:27',2041,6000),(100985,'2023-12-02 21:37:02',2041,6000),(100986,'2023-12-03 06:28:41',2041,6000),(100987,'2023-12-03 21:11:15',2041,6000),(100988,'2023-12-04 06:02:55',2041,6000),(100989,'2023-12-04 20:45:29',2041,6000),(100990,'2023-12-05 06:39:13',2041,6000),(100991,'2023-12-05 21:21:48',2041,6000),(100992,'2023-12-06 06:13:27',2041,6000),(100993,'2023-12-06 20:56:01',2041,6000),(100994,'2023-12-07 06:47:41',2041,6000),(100995,'2023-12-07 21:30:15',2041,6000),(100996,'2023-12-08 06:21:55',2041,6000),(100997,'2023-12-08 21:04:29',2041,6000),(100998,'2023-12-09 06:58:09',2041,6000),(100999,'2023-12-09 21:40:44',2041,6000),(101000,'2023-12-10 06:32:27',2041,6000),(101001,'2023-12-10 21:15:02',2041,6000),(101002,'2023-11-11 09:30:08',2019,6000),(101003,'2023-11-12 08:42:46',2019,6000),(101004,'2023-11-13 10:21:59',2019,6000),(101005,'2023-11-14 11:17:32',2019,6000),(101006,'2023-11-15 10:57:04',2019,6000),(101007,'2023-11-16 08:39:52',2019,6000),(101008,'2023-11-17 08:01:45',2019,6000),(101009,'2023-11-18 11:13:29',2019,6000),(101010,'2023-11-19 10:05:13',2019,6000),(101011,'2023-11-20 09:42:20',2019,6000),(101012,'2023-11-21 11:44:57',2019,6000),(101013,'2023-11-22 09:31:38',2019,6000),(101014,'2023-11-23 10:47:52',2019,6000),(101015,'2023-11-24 09:15:27',2019,6000),(101016,'2023-11-25 10:03:59',2019,6000),(101017,'2023-11-26 11:54:42',2019,6000),(101018,'2023-11-27 09:45:18',2019,6000),(101019,'2023-11-28 11:34:02',2019,6000),(101020,'2023-11-29 09:55:38',2019,6000),(101021,'2023-11-30 11:07:29',2019,6000),(101022,'2023-12-01 10:14:57',2019,6000),(101023,'2023-12-02 11:28:12',2019,6000),(101024,'2023-12-03 08:59:21',2019,6000),(101025,'2023-12-04 10:37:57',2019,6000),(101026,'2023-12-05 09:50:29',2019,6000),(101027,'2023-12-06 10:24:01',2019,6000),(101028,'2023-12-07 11:16:21',2019,6000),(101029,'2023-12-08 09:59:04',2019,6000),(101030,'2023-12-09 11:09:53',2019,6000),(101031,'2023-12-10 10:31:04',2019,6000),(101032,'2023-11-11 07:30:08',2040,6000),(101033,'2023-11-12 06:48:25',2040,6000),(101034,'2023-11-13 08:15:42',2040,6000),(101035,'2023-11-14 09:42:59',2040,6000),(101036,'2023-11-15 11:10:16',2040,6000),(101037,'2023-11-16 12:37:33',2040,6000),(101038,'2023-11-17 02:04:50',2040,6000),(101039,'2023-11-18 03:32:07',2040,6000),(101040,'2023-11-19 05:00:24',2040,6000),(101041,'2023-11-20 06:27:41',2040,6000),(101042,'2023-11-21 07:54:58',2040,6000),(101043,'2023-11-22 09:22:15',2040,6000),(101044,'2023-11-23 10:49:32',2040,6000),(101045,'2023-11-24 12:16:49',2040,6000),(101046,'2023-11-25 01:44:06',2040,6000),(101047,'2023-11-26 03:11:23',2040,6000),(101048,'2023-11-27 04:38:40',2040,6000),(101049,'2023-11-28 06:05:57',2040,6000),(101050,'2023-11-29 07:33:14',2040,6000),(101051,'2023-11-30 09:00:31',2040,6000),(101052,'2023-12-01 10:27:48',2040,6000),(101053,'2023-12-02 11:55:05',2040,6000),(101054,'2023-12-03 01:22:22',2040,6000),(101055,'2023-12-04 02:49:39',2040,6000),(101056,'2023-12-05 04:16:56',2040,6000),(101057,'2023-12-06 05:44:13',2040,6000),(101058,'2023-12-07 07:11:30',2040,6000),(101059,'2023-12-08 08:38:47',2040,6000),(101060,'2023-12-09 10:06:04',2040,6000),(101061,'2023-12-10 11:33:21',2040,6000),(101062,'2023-11-11 05:30:08',2020,6000),(101063,'2023-11-12 05:16:32',2020,6000),(101064,'2023-11-13 05:45:42',2020,6000),(101065,'2023-11-14 05:02:15',2020,6000),(101066,'2023-11-15 05:36:17',2020,6000),(101067,'2023-11-16 05:24:50',2020,6000),(101068,'2023-11-17 05:53:15',2020,6000),(101069,'2023-11-18 05:09:23',2020,6000),(101070,'2023-11-19 05:45:08',2020,6000),(101071,'2023-11-20 05:23:58',2020,6000),(101072,'2023-11-21 05:58:02',2020,6000),(101073,'2023-11-22 05:14:10',2020,6000),(101074,'2023-11-23 05:48:43',2020,6000),(101075,'2023-11-24 05:37:16',2020,6000),(101076,'2023-11-25 05:05:32',2020,6000),(101077,'2023-11-26 05:40:05',2020,6000),(101078,'2023-11-27 05:28:38',2020,6000),(101079,'2023-11-28 05:57:53',2020,6000),(101080,'2023-11-29 05:14:40',2020,6000),(101081,'2023-11-30 05:49:13',2020,6000),(101082,'2023-12-01 05:37:46',2020,6000),(101083,'2023-12-02 05:06:02',2020,6000),(101084,'2023-12-03 05:40:35',2020,6000),(101085,'2023-12-04 05:29:08',2020,6000),(101086,'2023-12-05 05:57:23',2020,6000),(101087,'2023-12-06 05:14:10',2020,6000),(101088,'2023-12-07 05:48:43',2020,6000),(101089,'2023-12-08 05:37:16',2020,6000),(101090,'2023-12-09 05:05:32',2020,6000),(101091,'2023-12-10 05:40:05',2020,6000),(101092,'2023-11-11 09:45:08',2021,6000),(101093,'2023-11-12 10:32:17',2021,6000),(101094,'2023-11-13 11:20:53',2021,6000),(101095,'2023-11-14 12:03:48',2021,6000),(101096,'2023-11-15 13:10:26',2021,6000),(101097,'2023-11-16 10:56:42',2021,6000),(101098,'2023-11-17 11:45:38',2021,6000),(101099,'2023-11-18 11:18:29',2021,6000),(101100,'2023-11-19 10:21:05',2021,6000),(101101,'2023-11-20 10:54:48',2021,6000),(101102,'2023-11-21 12:08:32',2021,6000),(101103,'2023-11-22 11:30:18',2021,6000),(101104,'2023-11-23 10:22:47',2021,6000),(101105,'2023-11-24 11:05:09',2021,6000),(101106,'2023-11-25 10:37:54',2021,6000),(101107,'2023-11-26 11:24:27',2021,6000),(101108,'2023-11-27 10:06:58',2021,6000),(101109,'2023-11-28 11:14:49',2021,6000),(101110,'2023-11-29 12:05:35',2021,6000),(101111,'2023-11-30 10:49:03',2021,6000),(101112,'2023-12-01 11:03:58',2021,6000),(101113,'2023-12-02 10:33:49',2021,6000),(101114,'2023-12-03 11:22:38',2021,6000),(101115,'2023-12-04 10:13:04',2021,6000),(101116,'2023-12-05 11:10:12',2021,6000),(101117,'2023-12-06 12:00:47',2021,6000),(101118,'2023-12-07 11:39:16',2021,6000),(101119,'2023-12-08 10:47:27',2021,6000),(101120,'2023-12-09 11:30:54',2021,6000),(101121,'2023-12-10 10:24:09',2021,6000),(101122,'2023-11-11 11:45:08',2022,6000),(101123,'2023-11-12 11:12:33',2022,6000),(101124,'2023-11-13 11:53:45',2022,6000),(101125,'2023-11-14 11:26:29',2022,6000),(101126,'2023-11-15 11:18:17',2022,6000),(101127,'2023-11-16 11:54:32',2022,6000),(101128,'2023-11-17 11:37:24',2022,6000),(101129,'2023-11-18 11:06:05',2022,6000),(101130,'2023-11-19 11:32:19',2022,6000),(101131,'2023-11-20 11:54:08',2022,6000),(101132,'2023-11-21 11:11:43',2022,6000),(101133,'2023-11-22 11:28:29',2022,6000),(101134,'2023-11-23 11:04:46',2022,6000),(101135,'2023-11-24 11:46:15',2022,6000),(101136,'2023-11-25 11:20:32',2022,6000),(101137,'2023-11-26 11:39:14',2022,6000),(101138,'2023-11-27 11:29:55',2022,6000),(101139,'2023-11-28 11:58:21',2022,6000),(101140,'2023-11-29 11:41:03',2022,6000),(101141,'2023-11-30 11:15:49',2022,6000),(101142,'2023-12-01 11:43:21',2022,6000),(101143,'2023-12-02 11:30:15',2022,6000),(101144,'2023-12-03 11:07:29',2022,6000),(101145,'2023-12-04 11:50:18',2022,6000),(101146,'2023-12-05 11:23:44',2022,6000),(101147,'2023-12-06 11:46:58',2022,6000),(101148,'2023-12-07 11:34:31',2022,6000),(101149,'2023-12-08 11:03:22',2022,6000),(101150,'2023-12-09 11:29:37',2022,6000),(101151,'2023-12-10 11:51:26',2022,6000),(101152,'2023-11-11 06:00:08',2023,6000),(101153,'2023-11-11 16:24:37',2023,6000),(101154,'2023-11-12 08:48:22',2023,6000),(101155,'2023-11-12 20:03:54',2023,6000),(101156,'2023-11-13 08:37:11',2023,6000),(101157,'2023-11-13 19:43:29',2023,6000),(101158,'2023-11-14 07:23:57',2023,6000),(101159,'2023-11-14 17:46:21',2023,6000),(101160,'2023-11-15 10:08:04',2023,6000),(101161,'2023-11-15 22:25:30',2023,6000),(101162,'2023-11-16 12:52:29',2023,6000),(101163,'2023-11-16 23:47:45',2023,6000),(101164,'2023-11-17 14:21:02',2023,6000),(101165,'2023-11-17 01:33:11',2023,6000),(101166,'2023-11-18 12:05:45',2023,6000),(101167,'2023-11-18 22:46:32',2023,6000),(101168,'2023-11-19 14:23:11',2023,6000),(101169,'2023-11-19 01:15:57',2023,6000),(101170,'2023-11-20 11:51:02',2023,6000),(101171,'2023-11-20 22:59:18',2023,6000),(101172,'2023-11-21 13:36:29',2023,6000),(101173,'2023-11-21 01:47:04',2023,6000),(101174,'2023-11-22 12:23:22',2023,6000),(101175,'2023-11-22 23:34:07',2023,6000),(101176,'2023-11-23 15:06:28',2023,6000),(101177,'2023-11-23 02:18:56',2023,6000),(101178,'2023-11-24 12:45:22',2023,6000),(101179,'2023-11-24 23:56:09',2023,6000),(101180,'2023-11-25 15:28:31',2023,6000),(101181,'2023-11-25 02:40:55',2023,6000),(101182,'2023-11-26 13:07:22',2023,6000),(101183,'2023-11-26 00:19:11',2023,6000),(101184,'2023-11-27 10:51:41',2023,6000),(101185,'2023-11-27 21:12:28',2023,6000),(101186,'2023-11-28 12:36:11',2023,6000),(101187,'2023-11-28 23:44:28',2023,6000),(101188,'2023-11-29 14:18:41',2023,6000),(101189,'2023-11-29 01:29:57',2023,6000),(101190,'2023-11-30 11:59:28',2023,6000),(101191,'2023-11-30 23:11:04',2023,6000),(101192,'2023-12-01 13:44:21',2023,6000),(101193,'2023-12-01 00:56:30',2023,6000),(101194,'2023-12-02 11:29:58',2023,6000),(101195,'2023-12-02 22:34:17',2023,6000),(101196,'2023-12-03 14:10:45',2023,6000),(101197,'2023-12-03 01:22:32',2023,6000),(101198,'2023-12-04 11:55:58',2023,6000),(101199,'2023-12-04 23:04:15',2023,6000),(101200,'2023-12-05 13:38:29',2023,6000),(101201,'2023-12-05 00:49:47',2023,6000),(101202,'2023-12-06 11:22:08',2023,6000),(101203,'2023-12-06 22:33:01',2023,6000),(101204,'2023-12-07 14:05:29',2023,6000),(101205,'2023-12-07 01:17:56',2023,6000),(101206,'2023-12-08 11:51:21',2023,6000),(101207,'2023-12-08 22:57:39',2023,6000),(101208,'2023-12-09 13:31:52',2023,6000),(101209,'2023-12-09 00:43:05',2023,6000),(101210,'2023-12-10 11:16:33',2023,6000),(101211,'2023-12-10 22:25:00',2023,6000),(101212,'2023-11-11 20:00:08',2024,6000),(101213,'2023-11-12 19:12:30',2024,6000),(101214,'2023-11-13 20:58:44',2024,6000),(101215,'2023-11-14 21:45:29',2024,6000),(101216,'2023-11-15 19:31:57',2024,6000),(101217,'2023-11-16 21:18:42',2024,6000),(101218,'2023-11-17 19:05:10',2024,6000),(101219,'2023-11-18 19:51:24',2024,6000),(101220,'2023-11-19 20:38:09',2024,6000),(101221,'2023-11-20 20:24:37',2024,6000),(101222,'2023-11-21 20:11:05',2024,6000),(101223,'2023-11-22 19:57:33',2024,6000),(101224,'2023-11-23 19:43:58',2024,6000),(101225,'2023-11-24 20:30:12',2024,6000),(101226,'2023-11-25 20:16:40',2024,6000),(101227,'2023-11-26 21:03:25',2024,6000),(101228,'2023-11-27 20:49:53',2024,6000),(101229,'2023-11-28 21:36:07',2024,6000),(101230,'2023-11-29 21:22:35',2024,6000),(101231,'2023-11-30 21:09:03',2024,6000),(101232,'2023-12-01 20:55:28',2024,6000),(101233,'2023-12-02 20:41:56',2024,6000),(101234,'2023-12-03 21:28:41',2024,6000),(101235,'2023-12-04 21:15:09',2024,6000),(101236,'2023-12-05 22:01:23',2024,6000),(101237,'2023-12-06 21:47:51',2024,6000),(101238,'2023-12-07 22:34:36',2024,6000),(101239,'2023-12-08 22:21:04',2024,6000),(101240,'2023-12-09 22:07:32',2024,6000),(101241,'2023-12-10 21:54:00',2024,6000),(101242,'2023-11-11 21:00:08',2026,6000),(101243,'2023-11-12 20:15:32',2026,6000),(101244,'2023-11-13 22:45:47',2026,6000),(101245,'2023-11-14 19:30:12',2026,6000),(101246,'2023-11-15 22:05:55',2026,6000),(101247,'2023-11-16 21:47:29',2026,6000),(101248,'2023-11-17 20:20:43',2026,6000),(101249,'2023-11-18 22:10:59',2026,6000),(101250,'2023-11-19 20:50:21',2026,6000),(101251,'2023-11-20 21:30:43',2026,6000),(101252,'2023-11-21 20:03:57',2026,6000),(101253,'2023-11-22 22:18:32',2026,6000),(101254,'2023-11-23 19:52:46',2026,6000),(101255,'2023-11-24 22:23:01',2026,6000),(101256,'2023-11-25 20:07:26',2026,6000),(101257,'2023-11-26 22:32:09',2026,6000),(101258,'2023-11-27 21:13:43',2026,6000),(101259,'2023-11-28 19:46:57',2026,6000),(101260,'2023-11-29 21:37:13',2026,6000),(101261,'2023-11-30 20:16:35',2026,6000),(101262,'2023-12-01 21:56:57',2026,6000),(101263,'2023-12-02 20:30:11',2026,6000),(101264,'2023-12-03 22:40:27',2026,6000),(101265,'2023-12-04 20:14:41',2026,6000),(101266,'2023-12-05 22:45:56',2026,6000),(101267,'2023-12-06 21:29:20',2026,6000),(101268,'2023-12-07 20:02:34',2026,6000),(101269,'2023-12-08 21:52:50',2026,6000),(101270,'2023-12-09 20:32:12',2026,6000),(101271,'2023-12-10 21:12:34',2026,6000),(101272,'2023-11-11 06:00:18',2027,6000),(101273,'2023-11-11 13:32:55',2027,6000),(101274,'2023-11-11 18:57:44',2027,6000),(101275,'2023-11-12 06:38:06',2027,6000),(101276,'2023-11-12 11:01:27',2027,6000),(101277,'2023-11-12 18:44:32',2027,6000),(101278,'2023-11-13 07:30:11',2027,6000),(101279,'2023-11-13 12:09:06',2027,6000),(101280,'2023-11-13 17:54:18',2027,6000),(101281,'2023-11-14 07:18:29',2027,6000),(101282,'2023-11-14 13:51:45',2027,6000),(101283,'2023-11-14 19:31:04',2027,6000),(101284,'2023-11-15 06:13:27',2027,6000),(101285,'2023-11-15 11:42:03',2027,6000),(101286,'2023-11-15 17:17:40',2027,6000),(101287,'2023-11-16 06:59:22',2027,6000),(101288,'2023-11-16 12:28:18',2027,6000),(101289,'2023-11-16 18:03:51',2027,6000),(101290,'2023-11-17 06:45:45',2027,6000),(101291,'2023-11-17 11:12:39',2027,6000),(101292,'2023-11-17 17:00:59',2027,6000),(101293,'2023-11-18 07:18:50',2027,6000),(101294,'2023-11-18 13:51:18',2027,6000),(101295,'2023-11-18 19:27:01',2027,6000),(101296,'2023-11-19 06:08:48',2027,6000),(101297,'2023-11-19 10:33:37',2027,6000),(101298,'2023-11-19 16:14:20',2027,6000),(101299,'2023-11-20 06:58:02',2027,6000),(101300,'2023-11-20 12:26:53',2027,6000),(101301,'2023-11-20 17:57:43',2027,6000),(101302,'2023-11-21 07:41:36',2027,6000),(101303,'2023-11-21 13:13:18',2027,6000),(101304,'2023-11-21 18:47:09',2027,6000),(101305,'2023-11-22 07:28:59',2027,6000),(101306,'2023-11-22 11:55:41',2027,6000),(101307,'2023-11-22 17:38:32',2027,6000),(101308,'2023-11-23 06:21:28',2027,6000),(101309,'2023-11-23 11:48:10',2027,6000),(101310,'2023-11-23 17:27:51',2027,6000),(101311,'2023-11-24 07:06:30',2027,6000),(101312,'2023-11-24 12:36:18',2027,6000),(101313,'2023-11-24 18:11:02',2027,6000),(101314,'2023-11-25 06:52:50',2027,6000),(101315,'2023-11-25 11:21:37',2027,6000),(101316,'2023-11-25 16:56:25',2027,6000),(101317,'2023-11-26 06:37:08',2027,6000),(101318,'2023-11-26 12:05:55',2027,6000),(101319,'2023-11-26 17:36:43',2027,6000),(101320,'2023-11-27 07:20:36',2027,6000),(101321,'2023-11-27 12:49:23',2027,6000),(101322,'2023-11-27 18:24:11',2027,6000),(101323,'2023-11-28 07:05:55',2027,6000),(101324,'2023-11-28 12:34:42',2027,6000),(101325,'2023-11-28 18:09:29',2027,6000),(101326,'2023-11-29 06:51:17',2027,6000),(101327,'2023-11-29 11:20:03',2027,6000),(101328,'2023-11-29 16:54:50',2027,6000),(101329,'2023-11-30 06:35:34',2027,6000),(101330,'2023-11-30 12:04:22',2027,6000),(101331,'2023-11-30 17:35:08',2027,6000),(101332,'2023-12-01 07:19:01',2027,6000),(101333,'2023-12-01 12:47:49',2027,6000),(101334,'2023-12-01 18:22:36',2027,6000),(101335,'2023-12-02 07:04:24',2027,6000),(101336,'2023-12-02 12:33:11',2027,6000),(101337,'2023-12-02 18:07:58',2027,6000),(101338,'2023-12-03 06:49:46',2027,6000),(101339,'2023-12-03 12:18:33',2027,6000),(101340,'2023-12-03 17:53:20',2027,6000),(101341,'2023-12-04 07:35:08',2027,6000),(101342,'2023-12-04 13:03:55',2027,6000),(101343,'2023-12-04 18:38:42',2027,6000),(101344,'2023-12-05 07:20:30',2027,6000),(101345,'2023-12-05 12:49:17',2027,6000),(101346,'2023-12-05 18:24:04',2027,6000),(101347,'2023-12-06 08:05:52',2027,6000),(101348,'2023-12-06 13:34:39',2027,6000),(101349,'2023-12-06 19:09:26',2027,6000),(101350,'2023-12-07 07:51:14',2027,6000),(101351,'2023-12-07 13:20:01',2027,6000),(101352,'2023-12-07 18:54:48',2027,6000),(101353,'2023-12-08 07:36:36',2027,6000),(101354,'2023-12-08 13:05:23',2027,6000),(101355,'2023-12-08 18:40:10',2027,6000),(101356,'2023-12-09 08:21:58',2027,6000),(101357,'2023-12-09 13:50:45',2027,6000),(101358,'2023-12-09 19:25:32',2027,6000),(101359,'2023-12-10 08:07:20',2027,6000),(101360,'2023-12-10 13:36:07',2027,6000),(101361,'2023-12-10 19:10:54',2027,6000),(101362,'2023-11-11 10:00:18',2028,6000),(101363,'2023-11-11 20:29:42',2028,6000),(101364,'2023-11-12 09:56:11',2028,6000),(101365,'2023-11-12 20:30:18',2028,6000),(101366,'2023-11-13 10:01:45',2028,6000),(101367,'2023-11-13 20:28:14',2028,6000),(101368,'2023-11-14 09:55:18',2028,6000),(101369,'2023-11-14 20:30:54',2028,6000),(101370,'2023-11-15 10:01:18',2028,6000),(101371,'2023-11-15 20:29:42',2028,6000),(101372,'2023-11-16 09:56:11',2028,6000),(101373,'2023-11-16 20:30:18',2028,6000),(101374,'2023-11-17 10:01:45',2028,6000),(101375,'2023-11-17 20:28:14',2028,6000),(101376,'2023-11-18 09:55:18',2028,6000),(101377,'2023-11-18 20:30:54',2028,6000),(101378,'2023-11-19 10:01:18',2028,6000),(101379,'2023-11-19 20:29:42',2028,6000),(101380,'2023-11-20 09:56:11',2028,6000),(101381,'2023-11-20 20:30:18',2028,6000),(101382,'2023-11-21 10:01:45',2028,6000),(101383,'2023-11-21 20:28:14',2028,6000),(101384,'2023-11-22 09:55:18',2028,6000),(101385,'2023-11-22 20:30:54',2028,6000),(101386,'2023-11-23 10:01:18',2028,6000),(101387,'2023-11-23 20:29:42',2028,6000),(101388,'2023-11-24 09:56:11',2028,6000),(101389,'2023-11-24 20:30:18',2028,6000),(101390,'2023-11-25 10:01:45',2028,6000),(101391,'2023-11-25 20:28:14',2028,6000),(101392,'2023-11-26 09:55:18',2028,6000),(101393,'2023-11-26 20:30:54',2028,6000),(101394,'2023-11-27 10:01:18',2028,6000),(101395,'2023-11-27 20:29:42',2028,6000),(101396,'2023-11-28 09:56:11',2028,6000),(101397,'2023-11-28 20:30:18',2028,6000),(101398,'2023-11-29 10:01:45',2028,6000),(101399,'2023-11-29 20:28:14',2028,6000),(101400,'2023-11-30 09:55:18',2028,6000),(101401,'2023-11-30 20:30:54',2028,6000),(101402,'2023-12-01 10:01:18',2028,6000),(101403,'2023-12-01 20:29:42',2028,6000),(101404,'2023-12-02 09:56:11',2028,6000),(101405,'2023-12-02 20:30:18',2028,6000),(101406,'2023-12-03 10:01:45',2028,6000),(101407,'2023-12-03 20:28:14',2028,6000),(101408,'2023-12-04 09:55:18',2028,6000),(101409,'2023-12-04 20:30:54',2028,6000),(101410,'2023-12-05 10:01:18',2028,6000),(101411,'2023-12-05 20:29:42',2028,6000),(101412,'2023-12-06 09:56:11',2028,6000),(101413,'2023-12-06 20:30:18',2028,6000),(101414,'2023-12-07 10:01:45',2028,6000),(101415,'2023-12-07 20:28:14',2028,6000),(101416,'2023-12-08 09:55:18',2028,6000),(101417,'2023-12-08 20:30:54',2028,6000),(101418,'2023-12-09 10:01:18',2028,6000),(101419,'2023-12-09 20:29:42',2028,6000),(101420,'2023-12-10 09:56:11',2028,6000),(101421,'2023-12-10 20:30:18',2028,6000),(101422,'2023-11-11 09:00:18',2031,6000),(101423,'2023-11-12 10:47:32',2031,6000),(101424,'2023-11-13 07:58:44',2031,6000),(101425,'2023-11-14 11:32:01',2031,6000),(101426,'2023-11-15 08:23:29',2031,6000),(101427,'2023-11-16 09:49:52',2031,6000),(101428,'2023-11-17 10:15:46',2031,6000),(101429,'2023-11-18 08:46:39',2031,6000),(101430,'2023-11-19 11:20:13',2031,6000),(101431,'2023-11-20 09:32:04',2031,6000),(101432,'2023-11-21 11:04:28',2031,6000),(101433,'2023-11-22 07:30:58',2031,6000),(101434,'2023-11-23 11:15:22',2031,6000),(101435,'2023-11-24 08:52:04',2031,6000),(101436,'2023-11-25 10:07:17',2031,6000),(101437,'2023-11-26 10:55:12',2031,6000),(101438,'2023-11-27 09:38:39',2031,6000),(101439,'2023-11-28 08:33:52',2031,6000),(101440,'2023-11-29 09:25:43',2031,6000),(101441,'2023-11-30 10:42:36',2031,6000),(101442,'2023-12-01 10:23:47',2031,6000),(101443,'2023-12-02 08:56:11',2031,6000),(101444,'2023-12-03 10:18:29',2031,6000),(101445,'2023-12-04 11:49:04',2031,6000),(101446,'2023-12-05 09:59:37',2031,6000),(101447,'2023-12-06 10:34:23',2031,6000),(101448,'2023-12-07 09:21:06',2031,6000),(101449,'2023-12-08 11:06:45',2031,6000),(101450,'2023-12-09 08:45:33',2031,6000),(101451,'2023-12-10 10:30:08',2031,6000),(101452,'2023-11-11 05:00:18',2036,6000),(101453,'2023-11-11 11:45:32',2036,6000),(101454,'2023-11-11 17:32:59',2036,6000),(101455,'2023-11-12 05:05:18',2036,6000),(101456,'2023-11-12 11:50:32',2036,6000),(101457,'2023-11-12 17:37:59',2036,6000),(101458,'2023-11-13 05:10:18',2036,6000),(101459,'2023-11-13 11:55:32',2036,6000),(101460,'2023-11-13 17:42:59',2036,6000),(101461,'2023-11-14 05:15:18',2036,6000),(101462,'2023-11-14 12:00:32',2036,6000),(101463,'2023-11-14 17:47:59',2036,6000),(101464,'2023-11-15 05:20:18',2036,6000),(101465,'2023-11-15 12:05:32',2036,6000),(101466,'2023-11-15 17:52:59',2036,6000),(101467,'2023-11-16 05:25:18',2036,6000),(101468,'2023-11-16 12:10:32',2036,6000),(101469,'2023-11-16 17:57:59',2036,6000),(101470,'2023-11-17 05:30:18',2036,6000),(101471,'2023-11-17 12:15:32',2036,6000),(101472,'2023-11-17 18:02:59',2036,6000),(101473,'2023-11-18 05:35:18',2036,6000),(101474,'2023-11-18 12:20:32',2036,6000),(101475,'2023-11-18 18:07:59',2036,6000),(101476,'2023-11-19 05:40:18',2036,6000),(101477,'2023-11-19 12:25:32',2036,6000),(101478,'2023-11-19 18:12:59',2036,6000),(101479,'2023-11-20 05:45:18',2036,6000),(101480,'2023-11-20 12:30:32',2036,6000),(101481,'2023-11-20 18:17:59',2036,6000),(101482,'2023-11-21 05:50:18',2036,6000),(101483,'2023-11-21 12:35:32',2036,6000),(101484,'2023-11-21 18:22:59',2036,6000),(101485,'2023-11-22 05:55:18',2036,6000),(101486,'2023-11-22 12:40:32',2036,6000),(101487,'2023-11-22 18:27:59',2036,6000),(101488,'2023-11-23 06:00:18',2036,6000),(101489,'2023-11-23 12:45:32',2036,6000),(101490,'2023-11-23 18:32:59',2036,6000),(101491,'2023-11-24 06:05:18',2036,6000),(101492,'2023-11-24 12:50:32',2036,6000),(101493,'2023-11-24 18:37:59',2036,6000),(101494,'2023-11-25 06:10:18',2036,6000),(101495,'2023-11-25 12:55:32',2036,6000),(101496,'2023-11-25 18:42:59',2036,6000),(101497,'2023-11-26 06:15:18',2036,6000),(101498,'2023-11-26 13:00:32',2036,6000),(101499,'2023-11-26 18:47:59',2036,6000),(101500,'2023-11-27 06:20:18',2036,6000),(101501,'2023-11-27 13:05:32',2036,6000),(101502,'2023-11-27 18:52:59',2036,6000),(101503,'2023-11-28 06:25:18',2036,6000),(101504,'2023-11-28 13:10:32',2036,6000),(101505,'2023-11-28 18:57:59',2036,6000),(101506,'2023-11-29 06:30:18',2036,6000),(101507,'2023-11-29 13:15:32',2036,6000),(101508,'2023-11-29 19:02:59',2036,6000),(101509,'2023-11-30 06:35:18',2036,6000),(101510,'2023-11-30 13:20:32',2036,6000),(101511,'2023-11-30 19:07:59',2036,6000),(101512,'2023-12-01 06:40:18',2036,6000),(101513,'2023-12-01 13:25:32',2036,6000),(101514,'2023-12-01 19:12:59',2036,6000),(101515,'2023-12-02 06:45:18',2036,6000),(101516,'2023-12-02 13:30:32',2036,6000),(101517,'2023-12-02 19:17:59',2036,6000),(101518,'2023-12-03 06:50:18',2036,6000),(101519,'2023-12-03 13:35:32',2036,6000),(101520,'2023-12-03 19:22:59',2036,6000),(101521,'2023-12-04 06:55:18',2036,6000),(101522,'2023-12-04 13:40:32',2036,6000),(101523,'2023-12-04 19:27:59',2036,6000),(101524,'2023-12-05 07:00:18',2036,6000),(101525,'2023-12-05 13:45:32',2036,6000),(101526,'2023-12-05 19:32:59',2036,6000),(101527,'2023-12-06 07:05:18',2036,6000),(101528,'2023-12-06 13:50:32',2036,6000),(101529,'2023-12-06 19:37:59',2036,6000),(101530,'2023-12-07 07:10:18',2036,6000),(101531,'2023-12-07 13:55:32',2036,6000),(101532,'2023-12-07 19:42:59',2036,6000),(101533,'2023-12-08 07:15:18',2036,6000),(101534,'2023-12-08 14:00:32',2036,6000),(101535,'2023-12-08 19:47:59',2036,6000),(101536,'2023-12-09 07:20:18',2036,6000),(101537,'2023-12-09 14:05:32',2036,6000),(101538,'2023-12-09 19:52:59',2036,6000),(101539,'2023-12-10 07:25:18',2036,6000),(101540,'2023-12-10 14:10:32',2036,6000),(101541,'2023-12-10 19:57:59',2036,6000),(101542,'2023-11-11 17:00:18',2037,6000),(101543,'2023-11-12 17:34:53',2037,6000),(101544,'2023-11-13 16:15:42',2037,6000),(101545,'2023-11-14 18:12:09',2037,6000),(101546,'2023-11-15 16:53:40',2037,6000),(101547,'2023-11-16 17:38:21',2037,6000),(101548,'2023-11-17 17:00:18',2037,6000),(101549,'2023-11-18 16:29:15',2037,6000),(101550,'2023-11-19 17:23:47',2037,6000),(101551,'2023-11-20 16:52:36',2037,6000),(101552,'2023-11-21 17:24:55',2037,6000),(101553,'2023-11-22 16:54:22',2037,6000),(101554,'2023-11-23 17:47:48',2037,6000),(101555,'2023-11-24 16:18:36',2037,6000),(101556,'2023-11-25 17:10:29',2037,6000),(101557,'2023-11-26 16:40:04',2037,6000),(101558,'2023-11-27 17:27:29',2037,6000),(101559,'2023-11-28 17:00:18',2037,6000),(101560,'2023-11-29 17:34:53',2037,6000),(101561,'2023-11-30 16:15:42',2037,6000),(101562,'2023-12-01 18:12:09',2037,6000),(101563,'2023-12-02 16:53:40',2037,6000),(101564,'2023-12-03 17:38:21',2037,6000),(101565,'2023-12-04 17:00:18',2037,6000),(101566,'2023-12-05 16:29:15',2037,6000),(101567,'2023-12-06 17:23:47',2037,6000),(101568,'2023-12-07 16:52:36',2037,6000),(101569,'2023-12-08 17:24:55',2037,6000),(101570,'2023-12-09 16:54:22',2037,6000),(101571,'2023-12-10 17:47:48',2037,6000),(101572,'2023-11-11 18:00:18',2039,6000),(101573,'2023-11-12 18:47:56',2039,6000),(101574,'2023-11-13 17:15:42',2039,6000),(101575,'2023-11-14 18:32:09',2039,6000),(101576,'2023-11-15 17:05:37',2039,6000),(101577,'2023-11-16 18:18:42',2039,6000),(101578,'2023-11-17 16:49:29',2039,6000),(101579,'2023-11-18 18:06:31',2039,6000),(101580,'2023-11-19 17:29:12',2039,6000),(101581,'2023-11-20 18:45:05',2039,6000),(101582,'2023-11-21 17:10:55',2039,6000),(101583,'2023-11-22 18:33:27',2039,6000),(101584,'2023-11-23 17:04:14',2039,6000),(101585,'2023-11-24 18:21:01',2039,6000),(101586,'2023-11-25 17:53:46',2039,6000),(101587,'2023-11-26 19:10:32',2039,6000),(101588,'2023-11-27 17:38:49',2039,6000),(101589,'2023-11-28 18:55:24',2039,6000),(101590,'2023-11-29 17:20:18',2039,6000),(101591,'2023-11-30 18:43:02',2039,6000),(101592,'2023-12-01 17:13:50',2039,6000),(101593,'2023-12-02 18:30:33',2039,6000),(101594,'2023-12-03 17:03:17',2039,6000),(101595,'2023-12-04 18:20:02',2039,6000),(101596,'2023-12-05 17:52:45',2039,6000),(101597,'2023-12-06 19:09:31',2039,6000),(101598,'2023-12-07 17:37:48',2039,6000),(101599,'2023-12-08 18:54:23',2039,6000),(101600,'2023-12-09 17:19:18',2039,6000),(101601,'2023-12-10 18:42:02',2039,6000);
/*!40000 ALTER TABLE `pill` ENABLE KEYS */;
UNLOCK TABLES;

--
-- Table structure for table `refill`
--

DROP TABLE IF EXISTS `refill`;
/*!40101 SET @saved_cs_client     = @@character_set_client */;
/*!50503 SET character_set_client = utf8mb4 */;
CREATE TABLE `refill` (
  `id_pk` int NOT NULL,
  `timestamp` datetime DEFAULT NULL,
  `pharmaceutical_fk` int DEFAULT NULL,
  PRIMARY KEY (`id_pk`),
  KEY `pharmaceutical_fk1` (`pharmaceutical_fk`),
  CONSTRAINT `pharmaceutical_fk1` FOREIGN KEY (`pharmaceutical_fk`) REFERENCES `pharmaceutical` (`id_pk`)
) ENGINE=InnoDB DEFAULT CHARSET=utf8mb4 COLLATE=utf8mb4_0900_ai_ci;
/*!40101 SET character_set_client = @saved_cs_client */;

--
-- Dumping data for table `refill`
--

LOCK TABLES `refill` WRITE;
/*!40000 ALTER TABLE `refill` DISABLE KEYS */;
/*!40000 ALTER TABLE `refill` ENABLE KEYS */;
UNLOCK TABLES;

--
-- Table structure for table `resident`
--

DROP TABLE IF EXISTS `resident`;
/*!40101 SET @saved_cs_client     = @@character_set_client */;
/*!50503 SET character_set_client = utf8mb4 */;
CREATE TABLE `resident` (
  `id_pk` int NOT NULL,
  `first_name` varchar(30) NOT NULL,
  `initial` varchar(30) DEFAULT NULL,
  `paternal_last_name` varchar(30) NOT NULL,
  `maternal_last_name` varchar(30) DEFAULT NULL,
  `image` varchar(100) DEFAULT NULL,
  `birthday` date NOT NULL,
  `height` decimal(5,2) NOT NULL,
  `caretaker_fk` int DEFAULT NULL,
  `nursing_home_fk` int DEFAULT NULL,
  PRIMARY KEY (`id_pk`),
  KEY `nursing_home_fk1` (`nursing_home_fk`),
  KEY `caretaker_fk2` (`caretaker_fk`),
  CONSTRAINT `caretaker_fk2` FOREIGN KEY (`caretaker_fk`) REFERENCES `caretaker` (`id_pk`),
  CONSTRAINT `nursing_home_fk1` FOREIGN KEY (`nursing_home_fk`) REFERENCES `nursing_home` (`id_pk`)
) ENGINE=InnoDB DEFAULT CHARSET=utf8mb4 COLLATE=utf8mb4_0900_ai_ci;
/*!40101 SET character_set_client = @saved_cs_client */;

--
-- Dumping data for table `resident`
--

LOCK TABLES `resident` WRITE;
/*!40000 ALTER TABLE `resident` DISABLE KEYS */;
INSERT INTO `resident` VALUES (0,'Carmen','D','Ramirez','Garcia',NULL,'1947-06-12',5.80,4000,5000),(1,'Javier',NULL,'Heredia',NULL,NULL,'1938-09-05',4.50,4001,5000),(2,'Maria','F','Flores','Blanco',NULL,'1941-11-02',5.00,4002,5000),(3,'Isabella',NULL,'Mendoza',NULL,NULL,'1946-03-18',5.20,4003,5000),(4,'Lucia','H','Martinez','Serrano',NULL,'1950-08-29',5.40,4004,5000),(5,'Adriana','O','Rodriguez','Pacheco',NULL,'1955-12-14',6.10,4005,5000),(6,'Gumersinda','P','Vargas','Lara',NULL,'1960-07-07',4.90,4006,5000),(7,'Francisca',NULL,'Diaz','Rodriguez',NULL,'1954-02-23',5.10,4007,5000),(8,'Dominga',NULL,'Sanchez','Morales',NULL,'1942-01-21',5.70,4008,5000),(9,'Nicolas','M','Ramirez','Fernandez',NULL,'1932-03-24',5.90,4009,5000),(10,'Beatriz','D','Torres','Colon',NULL,'1941-12-07',4.70,4010,5000),(11,'Carolina','E','Perez','Rivas',NULL,'1959-09-25',5.80,4011,5000),(12,'Camila',NULL,'Smith',NULL,NULL,'1933-01-30',4.60,4012,5000),(13,'Salvador','J','Salazar','Rosas',NULL,'1921-03-30',4.90,4013,5000),(14,'Juan','M','Castro','Garces',NULL,'1944-04-29',5.30,4014,5000),(15,'Raul','T','Garcia','Del Valle',NULL,'1928-05-12',5.90,4015,5000),(16,'Francisco','J','Lopez','De Jesus',NULL,'1957-12-01',6.00,4016,5000),(17,'Pedro','I','Santos','Perez',NULL,'1959-12-02',5.00,4017,5000),(18,'Carlos','M','Diaz','Soto',NULL,'1957-11-03',5.40,4018,5000),(19,'Engracia',NULL,'Dolores','Lopez',NULL,'1950-01-04',5.70,4019,5000),(20,'Carlota',NULL,'Flores','Flores',NULL,'1947-12-15',5.60,4019,5000);
/*!40000 ALTER TABLE `resident` ENABLE KEYS */;
UNLOCK TABLES;

--
-- Table structure for table `vitals`
--

DROP TABLE IF EXISTS `vitals`;
/*!40101 SET @saved_cs_client     = @@character_set_client */;
/*!50503 SET character_set_client = utf8mb4 */;
CREATE TABLE `vitals` (
  `id_pk` int NOT NULL,
  `timestamp` datetime NOT NULL,
  `temperature` decimal(4,1) DEFAULT NULL,
  `weight` decimal(4,1) DEFAULT NULL,
  `systolic_blood_pressure` int DEFAULT NULL,
  `diastolic_blood_pressure` int DEFAULT NULL,
  `heart_rate` int DEFAULT NULL,
  `glucose` decimal(4,1) DEFAULT NULL,
  `wellness_check_fk` int DEFAULT NULL,
  PRIMARY KEY (`id_pk`),
  KEY `wellness_check_fk` (`wellness_check_fk`),
  CONSTRAINT `wellness_check_fk` FOREIGN KEY (`wellness_check_fk`) REFERENCES `wellness_check` (`id_pk`)
) ENGINE=InnoDB DEFAULT CHARSET=utf8mb4 COLLATE=utf8mb4_0900_ai_ci;
/*!40101 SET character_set_client = @saved_cs_client */;

--
-- Dumping data for table `vitals`
--

LOCK TABLES `vitals` WRITE;
/*!40000 ALTER TABLE `vitals` DISABLE KEYS */;
INSERT INTO `vitals` VALUES (11000,'2023-11-11 08:15:01',96.1,150.0,142,70,57,100.0,10000),(11001,'2023-11-11 18:47:36',99.8,150.0,129,83,80,100.0,10001),(11002,'2023-11-12 08:46:53',98.8,150.0,127,79,61,100.0,10002),(11003,'2023-11-12 20:29:17',99.5,150.0,116,65,72,100.0,10003),(11004,'2023-11-13 09:18:44',96.5,150.0,143,73,63,100.0,10004),(11005,'2023-11-13 19:48:24',96.6,150.0,112,59,60,100.0,10005),(11006,'2023-11-14 09:47:36',98.6,150.0,130,78,54,100.0,10006),(11007,'2023-11-14 21:25:55',98.2,150.0,106,65,62,100.0,10007),(11008,'2023-11-15 10:05:20',97.7,150.0,120,80,56,100.0,10008),(11009,'2023-11-15 20:44:42',97.6,150.0,107,61,54,100.0,10009),(11010,'2023-11-16 10:44:03',97.2,150.0,129,76,65,99.0,10010),(11011,'2023-11-16 22:18:36',98.8,150.0,105,59,61,100.0,10011),(11012,'2023-11-17 11:07:56',96.5,150.0,126,69,48,100.0,10012),(11013,'2023-11-17 21:42:29',98.3,150.0,110,63,58,101.0,10013),(11014,'2023-11-18 11:42:10',97.6,150.0,122,70,50,100.0,10014),(11015,'2023-11-18 23:14:46',98.5,150.0,113,64,59,100.0,10015),(11016,'2023-11-19 12:04:05',96.0,150.0,130,68,56,100.0,10016),(11017,'2023-11-19 22:39:29',98.9,150.0,108,67,45,100.0,10017),(11018,'2023-11-20 12:39:10',97.0,150.0,120,69,61,103.0,10018),(11019,'2023-11-20 00:11:56',96.9,150.0,112,64,59,100.0,10019),(11020,'2023-11-21 13:01:14',98.5,150.0,122,60,51,100.0,10020),(11021,'2023-11-21 23:36:49',96.7,150.0,110,65,63,100.0,10021),(11022,'2023-11-22 13:36:31',99.8,150.0,122,78,66,100.0,10022),(11023,'2023-11-22 01:10:05',98.3,150.0,117,71,72,100.0,10023),(11024,'2023-11-23 14:00:23',96.6,150.0,120,80,66,103.0,10024),(11025,'2023-11-23 01:32:58',97.2,150.0,110,60,56,100.0,10025),(11026,'2023-11-24 14:32:39',99.5,150.0,112,59,51,100.0,10026),(11027,'2023-11-24 02:05:14',99.3,150.0,107,60,70,100.0,10027),(11028,'2023-11-25 14:54:31',98.3,150.0,138,79,60,97.0,10028),(11029,'2023-11-25 02:26:06',97.4,150.0,110,60,66,100.0,10029),(11030,'2023-11-26 15:25:47',99.0,150.0,128,62,72,100.0,10030),(11031,'2023-11-26 02:58:22',98.6,150.0,108,55,79,90.0,10031),(11032,'2023-11-27 15:58:03',99.8,150.0,124,62,69,100.0,10032),(11033,'2023-11-27 03:30:39',98.0,150.0,118,60,76,100.0,10033),(11034,'2023-11-28 16:30:20',98.1,150.0,132,63,65,100.0,10034),(11035,'2023-11-28 04:02:55',98.6,150.0,134,57,72,100.0,10035),(11036,'2023-11-29 17:02:36',98.0,150.0,132,63,68,95.0,10036),(11037,'2023-11-29 04:35:11',97.6,150.0,133,59,88,100.0,10037),(11038,'2023-11-30 17:34:52',99.2,150.0,123,70,68,100.0,10038),(11039,'2023-11-30 05:07:28',97.5,150.0,120,59,76,100.0,10039),(11040,'2023-12-01 18:07:09',96.8,150.0,126,64,65,100.0,10040),(11041,'2023-12-01 05:39:43',96.6,150.0,111,60,76,100.0,10041),(11042,'2023-12-02 18:39:25',99.4,150.0,127,65,70,100.0,10042),(11043,'2023-12-02 07:11:59',96.7,150.0,117,54,75,105.0,10043),(11044,'2023-12-03 20:11:41',99.7,150.0,127,66,75,100.0,10044),(11045,'2023-12-03 08:44:15',97.1,150.0,114,57,74,100.0,10045),(11046,'2023-12-04 21:43:57',99.2,150.0,126,66,74,110.0,10046),(11047,'2023-12-04 10:16:31',97.6,152.0,114,57,74,100.0,10047),(11048,'2023-12-05 23:16:13',99.7,150.0,140,60,73,100.0,10048),(11049,'2023-12-05 11:48:47',97.5,150.0,134,55,75,100.0,10049),(11050,'2023-12-06 00:48:29',99.6,150.0,135,62,70,95.0,10050),(11051,'2023-12-06 12:21:03',99.5,150.0,124,59,83,100.0,10051),(11052,'2023-12-07 01:20:45',96.4,150.0,128,64,74,100.0,10052),(11053,'2023-12-07 12:53:19',98.7,150.0,103,48,81,100.0,10053),(11054,'2023-12-08 01:52:59',99.3,150.0,123,57,72,100.0,10054),(11055,'2023-12-08 13:25:34',99.5,150.0,113,55,81,100.0,10055),(11056,'2023-12-09 02:25:15',99.4,151.0,123,58,70,105.0,10056),(11057,'2023-12-09 13:57:50',98.9,150.0,104,56,58,100.0,10057),(11058,'2023-12-10 02:57:31',99.3,150.0,119,65,72,100.0,10058),(11059,'2023-12-10 14:30:05',96.3,150.0,101,55,57,97.0,10059),(11060,'2023-11-11 18:03:05',96.5,162.0,121,59,76,85.0,10060),(11061,'2023-11-12 18:00:21',97.6,162.0,117,63,77,110.0,10061),(11062,'2023-11-13 18:02:44',97.4,162.0,107,64,78,102.0,10062),(11063,'2023-11-14 18:02:11',98.2,162.0,116,59,71,100.0,10063),(11064,'2023-11-15 18:01:38',97.8,162.0,132,62,69,100.0,10064),(11065,'2023-11-16 18:02:51',96.6,162.0,126,64,72,104.0,10065),(11066,'2023-11-17 18:01:33',97.6,162.0,128,62,71,100.0,10066),(11067,'2023-11-18 18:00:22',96.6,162.0,120,64,74,99.0,10067),(11068,'2023-11-19 18:01:58',98.5,162.0,126,62,72,100.0,10068),(11069,'2023-11-20 18:03:15',99.4,162.0,128,64,78,100.0,10069),(11070,'2023-11-21 18:00:53',96.4,162.0,137,57,73,103.0,10070),(11071,'2023-11-22 18:01:20',97.7,162.0,132,72,67,100.0,10071),(11072,'2023-11-23 18:02:02',97.5,162.0,130,68,71,100.0,10072),(11073,'2023-11-24 18:01:33',97.6,162.0,132,72,70,98.0,10073),(11074,'2023-11-25 18:02:18',96.4,162.0,98,59,77,100.0,10074),(11075,'2023-11-26 18:03:02',97.6,162.0,105,63,78,100.0,10075),(11076,'2023-11-27 18:00:58',99.9,162.0,112,59,78,100.0,10076),(11077,'2023-11-28 18:01:20',99.5,162.0,107,59,78,95.0,10077),(11078,'2023-11-29 18:02:14',98.9,162.0,120,82,75,100.0,10078),(11079,'2023-11-30 18:02:54',97.7,162.0,124,60,74,100.0,10079),(11080,'2023-12-01 18:00:43',96.3,162.0,115,57,74,99.0,10080),(11081,'2023-12-02 18:01:34',98.0,162.0,118,59,71,100.0,10081),(11082,'2023-11-27 06:31:30',96.3,142.0,127,64,64,101.0,10082),(11083,'2023-11-28 06:30:29',96.1,142.0,138,62,66,102.0,10083),(11084,'2023-11-29 06:32:18',97.2,142.0,137,66,62,95.0,10084),(11085,'2023-11-30 06:30:52',97.4,142.0,133,66,63,103.0,10085),(11086,'2023-12-01 06:31:40',98.3,142.0,124,64,71,99.0,10086),(11087,'2023-12-02 06:32:15',97.5,142.0,127,62,69,104.0,10087),(11088,'2023-12-03 06:31:22',99.6,145.0,115,57,73,100.0,10088),(11089,'2023-12-04 06:32:18',98.2,142.0,130,63,70,103.0,10089),(11090,'2023-12-05 06:32:06',97.9,142.0,135,59,68,95.0,10090),(11091,'2023-12-06 06:31:57',99.0,142.0,140,62,65,90.0,10091),(11092,'2023-12-07 06:30:50',97.4,141.0,148,67,65,110.0,10092),(11093,'2023-12-08 06:31:34',97.4,142.0,134,61,73,105.0,10093),(11094,'2023-12-09 06:30:58',97.1,142.0,122,65,72,104.0,10094),(11095,'2023-12-10 06:32:10',99.7,142.0,118,65,75,102.0,10095),(11096,'2023-11-25 15:28:31',98.4,175.0,126,59,65,185.0,10096),(11097,'2023-11-25 02:40:55',99.2,175.0,144,67,67,200.0,10097),(11098,'2023-11-26 13:07:22',98.3,175.0,152,69,66,210.0,10098),(11099,'2023-11-26 00:19:11',97.9,175.0,143,65,64,195.0,10099),(11100,'2023-11-27 10:51:41',99.8,175.0,145,62,67,220.0,10100),(11101,'2023-11-27 21:12:28',98.2,175.0,136,60,70,190.0,10101),(11102,'2023-11-28 12:36:11',97.9,175.0,138,68,64,205.0,10102),(11103,'2023-11-28 23:44:28',97.3,175.0,150,69,66,215.0,10103),(11104,'2023-11-29 14:18:41',96.5,175.0,140,66,69,230.0,10104),(11105,'2023-11-29 01:29:57',96.5,175.0,128,64,70,195.0,10105),(11106,'2023-11-30 11:59:28',96.3,175.0,139,66,64,210.0,10106),(11107,'2023-11-30 23:11:04',97.6,175.0,131,65,72,225.0,10107),(11108,'2023-12-01 13:44:21',98.4,175.0,136,60,67,240.0,10108),(11109,'2023-12-01 00:56:30',97.0,175.0,137,63,66,200.0,10109),(11110,'2023-12-02 11:29:58',96.0,175.0,132,59,70,215.0,10110),(11111,'2023-12-02 22:34:17',98.0,175.0,143,59,71,230.0,10111),(11112,'2023-12-03 14:10:45',96.7,175.0,123,59,74,245.0,10112),(11113,'2023-12-03 01:22:32',99.2,175.0,124,56,70,210.0,10113),(11114,'2023-12-04 11:55:58',98.0,175.0,126,59,77,225.0,10114),(11115,'2023-12-04 23:04:15',98.6,175.0,123,65,79,240.0,10115),(11116,'2023-12-05 13:38:29',96.5,175.0,120,57,70,255.0,10116),(11117,'2023-12-05 00:49:47',99.4,175.0,128,63,68,220.0,10117),(11118,'2023-12-06 11:22:08',99.0,175.0,122,53,70,235.0,10118),(11119,'2023-12-06 22:33:01',98.2,175.0,128,66,75,250.0,10119),(11120,'2023-12-07 14:05:29',96.4,175.0,135,64,73,265.0,10120),(11121,'2023-12-07 01:17:56',99.9,175.0,120,60,76,230.0,10121),(11122,'2023-12-08 11:51:21',96.7,175.0,128,58,73,245.0,10122),(11123,'2023-12-08 22:57:39',99.1,175.0,121,57,74,260.0,10123),(11124,'2023-12-09 13:31:52',99.6,175.0,120,60,84,275.0,10124),(11125,'2023-12-09 00:43:05',98.5,175.0,118,60,71,240.0,10125),(11126,'2023-11-11 15:00:18',96.0,164.0,120,80,72,255.0,10126),(11127,'2023-11-12 16:34:42',99.7,164.0,118,78,75,95.0,10127),(11128,'2023-11-13 14:48:57',99.2,164.0,122,82,70,88.0,10128),(11129,'2023-11-14 15:26:09',96.5,164.0,115,75,80,100.0,10129),(11130,'2023-11-15 16:51:47',96.8,164.0,130,85,68,92.0,10130),(11131,'2023-11-16 14:07:32',97.7,164.0,125,80,72,98.0,10131),(11132,'2023-11-17 16:45:52',97.2,164.0,118,75,74,85.0,10132),(11133,'2023-11-18 15:09:04',97.4,164.0,128,82,76,94.0,10133),(11134,'2023-11-19 14:26:31',99.4,164.0,135,88,68,97.0,10134),(11135,'2023-11-20 16:20:59',96.7,164.0,122,79,82,105.0,10135),(11136,'2023-11-21 14:47:12',99.5,164.0,126,81,75,89.0,10136),(11137,'2023-11-22 16:22:04',98.6,164.0,130,85,78,92.0,10137),(11138,'2023-11-23 14:59:05',97.2,164.0,115,78,70,96.0,10138),(11139,'2023-11-24 15:39:49',99.7,164.0,125,80,73,100.0,10139),(11140,'2023-11-25 16:14:41',99.2,164.0,120,77,76,93.0,10140),(11141,'2023-11-26 15:37:26',99.5,164.0,128,83,71,98.0,10141),(11142,'2023-11-27 16:59:04',99.6,164.0,122,79,74,87.0,10142),(11143,'2023-11-28 14:32:41',96.1,164.0,118,76,77,95.0,10143),(11144,'2023-11-29 15:58:36',97.8,164.0,132,87,69,105.0,10144),(11145,'2023-11-30 16:36:47',97.9,164.0,124,81,80,91.0,10145),(11146,'2023-12-01 14:42:12',96.3,164.0,126,82,75,98.0,10146),(11147,'2023-12-02 16:09:18',96.6,164.0,120,78,72,89.0,10147),(11148,'2023-12-03 15:16:23',98.4,164.0,128,84,68,92.0,10148),(11149,'2023-12-04 16:45:39',99.3,164.0,115,75,79,94.0,10149),(11150,'2023-12-05 15:57:01',99.2,164.0,130,86,74,100.0,10150),(11151,'2023-12-06 16:32:53',97.0,164.0,122,80,77,88.0,10151),(11152,'2023-12-07 14:09:30',98.7,164.0,118,77,70,96.0,10152),(11153,'2023-12-08 15:35:25',96.2,164.0,126,83,72,91.0,10153),(11154,'2023-12-09 16:13:36',98.6,164.0,124,80,76,98.0,10154),(11155,'2023-12-10 14:18:01',99.8,164.0,120,78,73,93.0,10155),(11156,'2023-11-11 14:00:18',97.9,125.0,120,80,72,90.0,10156),(11157,'2023-11-12 13:31:47',98.4,125.0,118,78,75,95.0,10157),(11158,'2023-11-13 14:52:34',99.7,125.0,122,82,70,88.0,10158),(11159,'2023-11-14 12:44:59',97.5,125.0,115,75,80,100.0,10159),(11160,'2023-11-15 14:18:02',97.3,125.0,130,85,68,92.0,10160),(11161,'2023-11-16 13:14:29',97.1,125.0,125,80,72,98.0,10161),(11162,'2023-11-17 12:35:22',99.1,125.0,118,75,74,85.0,10162),(11163,'2023-11-18 14:36:09',98.0,125.0,128,82,76,94.0,10163),(11164,'2023-11-19 13:01:57',96.9,125.0,135,88,68,97.0,10164),(11165,'2023-11-20 12:27:31',98.8,125.0,122,79,82,105.0,10165),(11166,'2023-11-21 14:57:09',97.1,125.0,126,81,75,89.0,10166),(11167,'2023-11-22 13:39:52',98.5,125.0,130,85,78,92.0,10167),(11168,'2023-11-23 12:06:17',99.6,125.0,115,78,70,96.0,10168),(11169,'2023-11-24 14:20:42',97.6,125.0,125,80,73,100.0,10169),(11170,'2023-11-25 13:05:28',99.0,125.0,120,77,76,93.0,10170),(11171,'2023-11-26 12:33:17',98.2,125.0,128,83,71,98.0,10171),(11172,'2023-11-27 14:17:47',98.7,125.0,122,79,74,87.0,10172),(11173,'2023-11-28 13:05:59',99.4,125.0,118,76,77,95.0,10173),(11174,'2023-11-29 12:19:02',99.3,125.0,132,87,69,105.0,10174),(11175,'2023-11-30 14:45:24',97.6,125.0,124,81,80,91.0,10175),(11176,'2023-12-01 13:50:11',97.8,125.0,126,82,75,98.0,10176),(11177,'2023-12-02 12:25:18',99.2,125.0,120,78,72,89.0,10177),(11178,'2023-12-03 14:30:55',97.9,125.0,128,84,68,92.0,10178),(11179,'2023-12-04 13:16:29',99.7,125.0,115,75,79,94.0,10179),(11180,'2023-12-05 12:08:42',97.3,125.0,130,86,74,100.0,10180),(11181,'2023-12-06 14:37:28',97.9,125.0,122,80,77,88.0,10181),(11182,'2023-12-07 13:09:50',96.8,125.0,118,77,70,96.0,10182),(11183,'2023-12-08 12:41:36',98.5,125.0,126,83,72,91.0,10183),(11184,'2023-12-09 14:14:47',97.3,125.0,124,80,76,98.0,10184),(11185,'2023-12-10 13:03:03',97.4,125.0,120,78,73,93.0,10185),(11186,'2023-11-11 09:00:18',96.8,115.0,120,80,72,90.0,10186),(11187,'2023-11-12 10:43:27',98.4,115.0,118,78,75,95.0,10187),(11188,'2023-11-13 08:21:09',96.7,115.0,122,82,70,88.0,10188),(11189,'2023-11-14 10:18:05',97.3,115.0,115,75,80,100.0,10189),(11190,'2023-11-15 11:56:43',97.9,115.0,130,85,68,92.0,10190),(11191,'2023-11-16 09:47:59',97.9,115.0,125,80,72,98.0,10191),(11192,'2023-11-17 10:29:32',96.6,115.0,118,75,74,85.0,10192),(11193,'2023-11-18 08:49:11',99.6,115.0,128,82,76,94.0,10193),(11194,'2023-11-19 09:58:57',97.9,115.0,135,88,68,97.0,10194),(11195,'2023-11-20 09:19:35',98.0,115.0,122,79,82,105.0,10195),(11196,'2023-11-21 11:30:14',96.8,115.0,126,81,75,89.0,10196),(11197,'2023-11-22 08:04:20',96.9,115.0,130,85,78,92.0,10197),(11198,'2023-11-23 10:12:22',97.5,115.0,115,78,70,96.0,10198),(11199,'2023-11-24 10:49:49',97.8,115.0,125,80,73,100.0,10199),(11200,'2023-11-25 08:35:56',98.4,115.0,120,77,76,93.0,10200),(11201,'2023-11-26 11:05:08',98.3,115.0,128,83,71,98.0,10201),(11202,'2023-11-27 09:31:52',99.3,115.0,122,79,74,87.0,10202),(11203,'2023-11-28 09:11:40',99.3,115.0,118,76,77,95.0,10203),(11204,'2023-11-29 10:22:01',97.9,115.0,132,87,69,105.0,10204),(11205,'2023-11-30 10:55:37',98.8,115.0,124,81,80,91.0,10205),(11206,'2023-12-01 08:34:08',99.8,115.0,126,82,75,98.0,10206),(11207,'2023-12-02 11:09:22',99.6,115.0,120,78,72,89.0,10207),(11208,'2023-12-03 09:27:44',96.6,115.0,128,84,68,92.0,10208),(11209,'2023-12-04 09:47:56',99.7,115.0,115,75,79,94.0,10209),(11210,'2023-12-05 10:34:19',97.9,115.0,130,86,74,100.0,10210),(11211,'2023-12-06 08:14:05',98.1,115.0,122,80,77,88.0,10211),(11212,'2023-12-07 11:46:38',99.6,115.0,118,77,70,96.0,10212),(11213,'2023-12-08 09:23:09',97.3,115.0,126,83,72,91.0,10213),(11214,'2023-12-09 08:43:18',98.1,115.0,124,80,76,98.0,10214),(11215,'2023-12-10 11:39:56',99.7,115.0,120,78,73,93.0,10215),(11216,'2023-11-11 08:00:18',99.6,124.0,120,80,72,90.0,10216),(11217,'2023-11-12 08:02:45',98.1,124.0,118,78,75,95.0,10217),(11218,'2023-11-13 08:01:57',98.0,124.0,122,82,70,88.0,10218),(11219,'2023-11-14 08:00:23',97.8,124.0,115,75,80,100.0,10219),(11220,'2023-11-15 08:02:10',97.7,124.0,130,85,74,92.0,10220),(11221,'2023-11-16 08:00:46',98.7,124.0,125,80,72,100.0,10221),(11222,'2023-11-17 08:01:33',98.4,124.0,118,75,74,85.0,10222),(11223,'2023-11-18 08:02:11',96.6,124.0,128,82,76,94.0,10223),(11224,'2023-11-19 08:01:24',99.9,124.0,135,88,75,97.0,10224),(11225,'2023-11-20 08:02:56',96.9,124.0,122,79,82,105.0,10225),(11226,'2023-11-21 08:00:32',96.2,124.0,126,81,75,89.0,10226),(11227,'2023-11-22 08:01:19',97.1,124.0,130,85,78,92.0,10227),(11228,'2023-11-23 08:02:07',98.9,124.0,115,78,70,96.0,10228),(11229,'2023-11-24 08:01:33',98.5,124.0,125,80,73,100.0,10229),(11230,'2023-11-25 08:00:48',96.2,124.0,121,77,76,93.0,10230),(11231,'2023-11-26 08:02:22',98.0,124.0,128,83,71,98.0,10231),(11232,'2023-11-27 08:01:37',98.0,124.0,122,79,74,87.0,10232),(11233,'2023-11-28 08:00:52',97.2,124.0,118,76,77,95.0,10233),(11234,'2023-11-29 08:02:28',96.8,124.0,132,87,69,105.0,10234),(11235,'2023-11-30 08:01:41',96.2,124.0,124,81,80,91.0,10235),(11236,'2023-12-01 08:02:17',96.3,124.0,126,82,75,98.0,10236),(11237,'2023-12-02 08:01:31',97.0,124.0,120,78,72,89.0,10237),(11238,'2023-12-03 08:00:46',99.9,124.0,128,84,68,92.0,10238),(11239,'2023-12-04 08:02:21',98.3,124.0,115,75,79,94.0,10239),(11240,'2023-12-05 08:01:35',99.5,124.0,130,86,74,100.0,10240),(11241,'2023-12-06 08:00:50',98.3,124.0,122,80,77,88.0,10241),(11242,'2023-12-07 08:02:26',99.2,124.0,118,77,70,96.0,10242),(11243,'2023-12-08 08:01:41',99.1,124.0,126,83,72,91.0,10243),(11244,'2023-12-09 08:00:57',98.7,124.0,124,80,76,98.0,10244),(11245,'2023-12-10 08:02:32',98.9,124.0,120,78,73,93.0,10245),(11246,'2023-11-11 11:00:18',99.9,131.0,120,80,72,90.0,10246),(11247,'2023-11-12 10:55:34',97.2,131.0,118,78,75,95.0,10247),(11248,'2023-11-13 10:58:57',99.0,131.0,122,82,70,88.0,10248),(11249,'2023-11-14 10:58:24',96.0,131.0,115,75,80,100.0,10249),(11250,'2023-11-15 10:57:51',98.8,131.0,130,85,68,92.0,10250),(11251,'2023-11-16 10:59:04',96.3,131.0,125,80,72,98.0,10251),(11252,'2023-11-17 10:57:46',98.1,131.0,118,75,74,85.0,10252),(11253,'2023-11-18 10:56:35',98.7,131.0,128,82,76,94.0,10253),(11254,'2023-11-19 10:58:11',97.9,131.0,135,88,68,97.0,10254),(11255,'2023-11-20 11:00:28',98.6,131.0,122,79,82,105.0,10255),(11256,'2023-11-21 10:58:06',98.5,131.0,126,81,75,89.0,10256),(11257,'2023-11-22 10:58:33',98.1,131.0,130,85,78,92.0,10257),(11258,'2023-11-23 10:59:15',97.0,131.0,115,78,70,96.0,10258),(11259,'2023-11-24 10:58:46',99.9,131.0,125,80,73,100.0,10259),(11260,'2023-11-25 10:59:31',96.7,131.0,120,77,76,93.0,10260),(11261,'2023-11-26 11:00:15',98.2,131.0,128,83,71,98.0,10261),(11262,'2023-11-27 10:58:11',96.6,131.0,122,79,74,87.0,10262),(11263,'2023-11-28 10:58:33',98.0,131.0,118,76,77,95.0,10263),(11264,'2023-11-29 10:59:27',99.3,131.0,132,87,69,105.0,10264),(11265,'2023-11-30 10:59:57',96.3,131.0,124,81,80,91.0,10265),(11266,'2023-12-01 10:57:46',97.0,131.0,126,82,75,98.0,10266),(11267,'2023-12-02 10:58:37',96.8,131.0,120,78,72,89.0,10267),(11268,'2023-12-03 10:59:04',98.4,131.0,128,84,68,92.0,10268),(11269,'2023-12-04 10:58:32',97.6,131.0,115,75,79,94.0,10269),(11270,'2023-12-05 10:57:24',98.4,131.0,130,86,74,100.0,10270),(11271,'2023-12-06 10:59:14',97.5,131.0,122,80,77,88.0,10271),(11272,'2023-12-07 10:57:59',96.3,131.0,118,77,70,96.0,10272),(11273,'2023-12-08 10:59:43',99.0,131.0,126,83,72,91.0,10273),(11274,'2023-12-09 11:00:05',99.0,131.0,124,80,76,98.0,10274),(11275,'2023-12-10 10:58:59',99.0,131.0,120,78,73,93.0,10275),(11276,'2023-11-11 11:30:18',98.8,139.0,120,80,72,90.0,10276),(11277,'2023-11-12 11:31:09',97.1,139.0,130,85,68,95.0,10277),(11278,'2023-11-13 11:30:54',99.3,139.0,118,75,75,88.0,10278),(11279,'2023-11-14 11:31:32',99.7,139.0,140,90,80,100.0,10279),(11280,'2023-11-15 11:30:25',98.4,139.0,122,78,85,92.0,10280),(11281,'2023-11-16 11:31:12',98.4,139.0,128,82,78,98.0,10281),(11282,'2023-11-17 11:30:38',96.7,139.0,135,88,70,105.0,10282),(11283,'2023-11-18 11:31:29',98.2,139.0,125,79,76,93.0,10283),(11284,'2023-11-19 11:30:43',97.4,139.0,132,86,82,97.0,10284),(11285,'2023-11-20 11:31:21',99.8,139.0,115,70,88,85.0,10285),(11286,'2023-11-21 11:30:14',97.6,139.0,138,92,74,110.0,10286),(11287,'2023-11-22 11:31:01',96.2,139.0,126,81,79,96.0,10287),(11288,'2023-11-23 11:30:27',98.4,139.0,134,87,73,103.0,10288),(11289,'2023-11-24 11:31:18',96.5,139.0,121,77,77,91.0,10289),(11290,'2023-11-25 11:30:32',96.8,139.0,129,83,81,99.0,10290),(11291,'2023-11-26 11:31:24',97.0,139.0,116,71,87,86.0,10291),(11292,'2023-11-27 11:30:17',97.5,139.0,137,91,75,108.0,10292),(11293,'2023-11-28 11:30:59',96.1,139.0,124,80,78,94.0,10293),(11294,'2023-11-29 11:30:47',97.5,139.0,131,84,80,101.0,10294),(11295,'2023-11-30 11:30:10',99.0,139.0,119,76,72,89.0,10295),(11296,'2023-12-01 11:31:05',98.1,139.0,133,89,76,104.0,10296),(11297,'2023-12-02 11:30:21',96.2,139.0,123,79,82,95.0,10297),(11298,'2023-12-03 11:31:09',96.6,139.0,136,85,74,107.0,10298),(11299,'2023-12-04 11:30:52',99.2,139.0,127,82,79,98.0,10299),(11300,'2023-12-05 11:30:43',99.9,139.0,114,70,85,84.0,10300),(11301,'2023-12-06 11:31:30',96.1,139.0,139,93,71,112.0,10301),(11302,'2023-12-07 11:30:18',98.5,139.0,120,78,77,90.0,10302),(11303,'2023-12-08 11:31:02',98.3,139.0,130,86,83,96.0,10303),(11304,'2023-12-09 11:30:35',99.4,139.0,117,75,79,87.0,10304),(11305,'2023-12-10 11:31:26',99.4,139.0,128,84,76,100.0,10305),(11306,'2023-11-11 10:30:18',99.7,124.0,118,78,80,92.0,10306),(11307,'2023-11-12 10:32:45',96.2,124.0,126,84,76,98.0,10307),(11308,'2023-11-13 10:29:10',98.6,124.0,132,88,72,105.0,10308),(11309,'2023-11-14 10:34:32',99.1,124.0,140,90,85,110.0,10309),(11310,'2023-11-15 10:28:00',98.7,124.0,124,80,78,94.0,10310),(11311,'2023-11-16 10:35:24',98.9,124.0,136,92,75,108.0,10311),(11312,'2023-11-17 10:30:52',99.5,124.0,130,85,82,96.0,10312),(11313,'2023-11-18 10:33:17',97.9,124.0,122,76,74,90.0,10313),(11314,'2023-11-19 10:30:40',97.5,124.0,128,82,80,100.0,10314),(11315,'2023-11-20 10:36:10',96.5,124.0,116,74,85,88.0,10315),(11316,'2023-11-21 10:30:37',96.4,124.0,142,94,77,112.0,10316),(11317,'2023-11-22 10:29:59',97.3,124.0,120,79,79,93.0,10317),(11318,'2023-11-23 10:38:22',98.7,124.0,134,87,73,103.0,10318),(11319,'2023-11-24 10:30:48',99.2,124.0,128,80,76,95.0,10319),(11320,'2023-11-25 10:29:14',97.8,124.0,130,84,82,98.0,10320),(11321,'2023-11-26 10:39:42',97.2,124.0,112,72,88,85.0,10321),(11322,'2023-11-27 10:30:05',99.6,124.0,144,96,75,118.0,10322),(11323,'2023-11-28 10:38:31',98.9,124.0,126,83,77,96.0,10323),(11324,'2023-11-29 10:30:58',96.9,124.0,138,89,80,104.0,10324),(11325,'2023-11-30 10:37:20',96.0,124.0,118,75,72,91.0,10325),(11326,'2023-12-01 10:30:45',97.6,124.0,132,86,74,99.0,10326),(11327,'2023-12-02 10:38:08',96.4,124.0,126,81,79,97.0,10327),(11328,'2023-12-03 10:37:35',99.0,124.0,140,91,76,110.0,10328),(11329,'2023-12-04 10:30:57',99.7,124.0,130,85,78,103.0,10329),(11330,'2023-12-05 10:37:22',98.6,124.0,120,78,75,92.0,10330),(11331,'2023-12-06 10:30:49',98.0,124.0,146,98,80,115.0,10331),(11332,'2023-12-07 10:39:12',98.2,124.0,124,82,76,98.0,10332),(11333,'2023-12-08 10:30:39',97.8,124.0,136,87,82,105.0,10333),(11334,'2023-12-09 10:37:01',96.0,124.0,122,76,79,94.0,10334),(11335,'2023-12-10 10:40:28',99.9,124.0,130,84,77,100.0,10335),(11336,'2023-11-11 10:30:18',99.8,118.0,118,72,78,95.0,10336),(11337,'2023-11-12 10:35:44',96.6,118.0,126,78,80,102.0,10337),(11338,'2023-11-13 10:32:09',99.4,118.0,132,80,76,110.0,10338),(11339,'2023-11-14 10:38:31',98.0,118.0,140,88,82,98.0,10339),(11340,'2023-11-15 10:33:00',96.1,118.0,124,76,75,100.0,10340),(11341,'2023-11-16 10:40:24',99.2,118.0,136,92,74,105.0,10341),(11342,'2023-11-17 10:34:52',99.5,118.0,130,85,77,92.0,10342),(11343,'2023-11-18 10:37:17',99.1,118.0,122,80,76,96.0,10343),(11344,'2023-11-19 10:34:40',97.4,118.0,128,82,78,104.0,10344),(11345,'2023-11-20 10:40:10',99.4,118.0,116,74,80,88.0,10345),(11346,'2023-11-21 10:34:37',96.2,118.0,142,90,75,115.0,10346),(11347,'2023-11-22 10:36:59',98.4,118.0,120,76,82,94.0,10347),(11348,'2023-11-23 10:34:22',96.0,118.0,134,85,77,101.0,10348),(11349,'2023-11-24 10:37:48',99.8,118.0,128,78,78,90.0,10349),(11350,'2023-11-25 10:34:14',99.4,118.0,130,84,80,98.0,10350),(11351,'2023-11-26 10:43:42',99.1,118.0,112,72,85,86.0,10351),(11352,'2023-11-27 10:36:05',97.0,118.0,144,94,78,120.0,10352),(11353,'2023-11-28 10:43:31',97.1,118.0,126,80,76,96.0,10353),(11354,'2023-11-29 10:35:58',98.4,118.0,138,87,80,105.0,10354),(11355,'2023-11-30 10:42:20',97.5,118.0,118,75,74,94.0,10355),(11356,'2023-12-01 10:35:45',98.5,118.0,132,86,76,99.0,10356),(11357,'2023-12-02 10:42:08',99.9,118.0,126,81,78,97.0,10357),(11358,'2023-12-03 10:41:35',96.8,118.0,140,92,75,110.0,10358),(11359,'2023-12-04 10:34:57',98.9,118.0,130,85,78,103.0,10359),(11360,'2023-12-05 10:41:22',97.3,118.0,120,78,80,92.0,10360),(11361,'2023-12-06 10:34:49',99.9,118.0,146,96,76,118.0,10361),(11362,'2023-12-07 10:43:12',98.8,118.0,124,82,78,98.0,10362),(11363,'2023-12-08 10:36:39',99.6,118.0,136,87,80,105.0,10363),(11364,'2023-12-09 10:43:01',97.5,118.0,122,76,79,94.0,10364),(11365,'2023-12-10 10:46:28',99.5,118.0,130,84,77,100.0,10365),(11366,'2023-11-11 09:30:18',96.1,136.0,115,78,75,95.0,10366),(11367,'2023-11-12 09:35:44',99.5,136.0,124,82,77,98.0,10367),(11368,'2023-11-13 09:32:09',99.4,136.0,118,79,74,92.0,10368),(11369,'2023-11-14 09:38:31',97.6,136.0,128,86,80,103.0,10369),(11370,'2023-11-15 09:33:00',98.1,136.0,120,80,76,97.0,10370),(11371,'2023-11-16 09:40:24',99.6,136.0,126,85,78,100.0,10371),(11372,'2023-11-17 09:34:52',97.1,136.0,122,77,73,93.0,10372),(11373,'2023-11-18 09:37:17',98.1,136.0,116,76,75,90.0,10373),(11374,'2023-11-19 09:34:40',97.4,136.0,130,88,82,105.0,10374),(11375,'2023-11-20 09:40:10',97.4,136.0,112,74,72,88.0,10375),(11376,'2023-11-21 09:34:37',96.9,136.0,124,81,79,96.0,10376),(11377,'2023-11-22 09:36:59',98.8,136.0,118,78,76,94.0,10377),(11378,'2023-11-23 09:34:22',96.0,136.0,126,84,81,98.0,10378),(11379,'2023-11-24 09:37:48',97.9,136.0,120,79,74,92.0,10379),(11380,'2023-11-25 09:34:14',97.4,136.0,128,86,79,101.0,10380),(11381,'2023-11-26 09:43:42',99.6,136.0,114,75,73,89.0,10381),(11382,'2023-11-27 09:36:05',96.9,136.0,132,89,85,108.0,10382),(11383,'2023-11-28 09:43:31',99.8,136.0,126,82,78,98.0,10383),(11384,'2023-11-29 09:35:58',98.1,136.0,134,88,80,103.0,10384),(11385,'2023-11-30 09:42:20',98.6,136.0,120,77,74,91.0,10385),(11386,'2023-12-01 09:35:45',97.5,136.0,128,84,79,97.0,10386),(11387,'2023-12-02 09:42:08',96.1,136.0,122,80,76,95.0,10387),(11388,'2023-12-03 09:41:35',98.9,136.0,130,87,82,100.0,10388),(11389,'2023-12-04 09:34:57',96.5,136.0,116,75,73,88.0,10389),(11390,'2023-12-05 09:41:22',98.0,136.0,138,92,77,110.0,10390),(11391,'2023-12-06 09:34:49',99.5,136.0,124,81,75,94.0,10391),(11392,'2023-12-07 09:43:12',97.9,136.0,136,89,81,102.0,10392),(11393,'2023-12-08 09:36:39',97.5,136.0,122,78,76,96.0,10393),(11394,'2023-12-09 09:43:01',98.9,136.0,130,86,79,99.0,10394),(11395,'2023-11-11 08:30:18',97.1,129.0,118,78,72,110.0,10395),(11396,'2023-11-12 08:35:44',99.4,129.0,122,80,70,115.0,10396),(11397,'2023-11-13 08:32:09',97.1,129.0,120,76,75,105.0,10397),(11398,'2023-11-14 08:38:31',96.2,129.0,124,82,78,112.0,10398),(11399,'2023-11-15 08:33:00',97.3,129.0,116,75,80,108.0,10399),(11400,'2023-11-16 08:40:24',97.4,129.0,128,85,74,120.0,10400),(11401,'2023-11-17 08:34:52',98.3,129.0,118,77,76,115.0,10401),(11402,'2023-11-18 08:37:17',99.2,129.0,126,83,72,118.0,10402),(11403,'2023-11-19 08:34:40',99.5,129.0,114,74,78,110.0,10403),(11404,'2023-11-20 08:40:10',97.5,129.0,120,80,75,115.0,10404),(11405,'2023-11-21 08:34:37',98.2,129.0,122,78,80,112.0,10405),(11406,'2023-11-22 08:36:59',96.7,129.0,116,76,74,108.0,10406),(11407,'2023-11-23 08:34:22',97.9,129.0,124,82,72,118.0,10407),(11408,'2023-11-24 08:37:48',98.2,129.0,118,79,76,112.0,10408),(11409,'2023-11-25 08:34:14',98.0,129.0,126,84,75,120.0,10409),(11410,'2023-11-26 08:43:42',99.5,129.0,112,73,78,110.0,10410),(11411,'2023-11-27 08:36:05',99.4,129.0,128,86,70,122.0,10411),(11412,'2023-11-28 08:43:31',98.4,129.0,124,81,72,115.0,10412),(11413,'2023-11-29 08:35:58',96.4,129.0,126,85,78,118.0,10413),(11414,'2023-11-30 08:42:20',99.3,129.0,120,77,74,110.0,10414),(11415,'2023-12-01 08:35:45',99.5,129.0,128,84,76,116.0,10415),(11416,'2023-12-02 08:42:08',97.1,129.0,122,79,73,112.0,10416),(11417,'2023-12-03 08:41:35',99.6,129.0,130,87,80,125.0,10417),(11418,'2023-12-04 08:34:57',99.8,129.0,116,75,72,108.0,10418),(11419,'2023-12-05 08:41:22',97.2,129.0,132,88,75,128.0,10419),(11420,'2023-12-06 08:34:49',99.5,129.0,126,83,78,120.0,10420),(11421,'2023-12-07 08:43:12',98.8,129.0,134,90,80,130.0,10421),(11422,'2023-12-08 08:36:39',97.5,129.0,120,78,76,112.0,10422),(11423,'2023-12-09 08:43:01',96.1,129.0,128,86,74,118.0,10423),(11424,'2023-12-10 08:46:28',97.5,129.0,128,86,74,118.0,10424),(11425,'2023-11-11 12:30:18',97.2,140.0,90,60,50,90.0,10425),(11426,'2023-11-12 12:35:44',99.6,140.0,88,58,48,92.0,10426),(11427,'2023-11-13 12:32:09',97.6,140.0,92,62,52,88.0,10427),(11428,'2023-11-14 12:38:31',96.8,140.0,86,56,46,94.0,10428),(11429,'2023-11-15 12:33:00',97.5,140.0,94,64,54,86.0,10429),(11430,'2023-11-16 12:40:24',97.7,140.0,84,54,44,96.0,10430),(11431,'2023-11-17 12:34:52',96.9,140.0,88,58,50,92.0,10431),(11432,'2023-11-18 12:37:17',96.5,140.0,90,60,48,90.0,10432),(11433,'2023-11-19 12:34:40',98.2,140.0,86,56,46,94.0,10433),(11434,'2023-11-20 12:40:10',99.5,140.0,92,62,52,88.0,10434),(11435,'2023-11-21 12:34:37',96.6,140.0,90,60,50,90.0,10435),(11436,'2023-11-22 12:36:59',97.3,140.0,88,58,48,92.0,10436),(11437,'2023-11-23 12:34:22',99.0,140.0,94,64,54,86.0,10437),(11438,'2023-11-24 12:37:48',97.4,140.0,86,56,46,94.0,10438),(11439,'2023-11-25 12:34:14',98.1,140.0,92,62,52,88.0,10439),(11440,'2023-11-26 12:43:42',99.3,140.0,84,54,44,96.0,10440),(11441,'2023-11-27 12:36:05',97.5,140.0,90,60,48,90.0,10441),(11442,'2023-11-28 12:43:31',96.7,140.0,88,58,50,92.0,10442),(11443,'2023-11-29 12:35:58',96.8,140.0,94,64,54,86.0,10443),(11444,'2023-11-30 12:42:20',98.1,140.0,86,56,46,94.0,10444),(11445,'2023-12-01 12:35:45',97.0,140.0,90,60,50,90.0,10445),(11446,'2023-12-02 12:42:08',98.1,140.0,88,58,48,92.0,10446),(11447,'2023-12-03 12:41:35',97.2,140.0,92,62,52,88.0,10447),(11448,'2023-12-04 12:34:57',97.9,140.0,86,56,46,94.0,10448),(11449,'2023-12-05 12:41:22',98.7,140.0,94,64,54,86.0,10449),(11450,'2023-12-06 12:34:49',99.9,140.0,90,60,48,90.0,10450),(11451,'2023-12-07 12:43:12',99.2,140.0,88,58,50,92.0,10451),(11452,'2023-12-08 12:36:39',97.8,140.0,92,62,52,88.0,10452),(11453,'2023-12-09 12:43:01',96.5,140.0,84,54,44,96.0,10453),(11454,'2023-12-10 12:46:28',96.7,140.0,90,60,50,90.0,10454),(11455,'2023-11-11 13:00:18',99.3,114.0,120,80,150,90.0,10455),(11456,'2023-11-12 13:05:44',99.2,114.0,118,78,160,92.0,10456),(11457,'2023-11-13 13:02:09',97.5,114.0,122,82,170,88.0,10457),(11458,'2023-11-14 13:08:31',99.9,114.0,116,76,180,94.0,10458),(11459,'2023-11-15 13:03:00',98.2,114.0,124,84,160,86.0,10459),(11460,'2023-11-16 13:10:24',96.1,114.0,120,80,150,98.0,10460),(11461,'2023-11-17 13:04:52',96.5,114.0,118,78,170,92.0,10461),(11462,'2023-11-18 13:07:17',98.7,114.0,122,82,180,90.0,10462),(11463,'2023-11-19 13:04:40',97.8,114.0,116,76,160,94.0,10463),(11464,'2023-11-20 13:10:10',98.7,114.0,124,84,150,98.0,10464),(11465,'2023-11-21 13:04:37',98.7,114.0,120,80,170,90.0,10465),(11466,'2023-11-22 13:06:59',96.3,114.0,118,78,160,92.0,10466),(11467,'2023-11-23 13:04:22',99.8,114.0,122,82,180,88.0,10467),(11468,'2023-11-24 13:07:48',97.6,114.0,116,76,150,94.0,10468),(11469,'2023-11-25 13:04:14',96.3,114.0,124,84,170,98.0,10469),(11470,'2023-11-26 13:13:42',96.2,114.0,120,80,160,90.0,10470),(11471,'2023-11-27 13:06:05',97.8,114.0,118,78,150,92.0,10471),(11472,'2023-11-28 13:13:31',96.4,114.0,122,82,170,88.0,10472),(11473,'2023-11-29 13:05:58',98.3,114.0,116,76,180,94.0,10473),(11474,'2023-11-30 13:12:20',96.6,114.0,124,84,160,86.0,10474),(11475,'2023-12-01 13:05:45',97.4,114.0,120,80,150,98.0,10475),(11476,'2023-12-02 13:12:08',96.5,114.0,118,78,170,92.0,10476),(11477,'2023-12-03 13:11:35',98.2,114.0,122,82,180,90.0,10477),(11478,'2023-12-04 13:04:57',98.5,114.0,116,76,160,94.0,10478),(11479,'2023-12-05 13:11:22',99.7,114.0,124,84,150,98.0,10479),(11480,'2023-12-06 13:04:49',98.8,114.0,120,80,170,90.0,10480),(11481,'2023-12-07 13:13:12',96.4,114.0,118,78,160,92.0,10481),(11482,'2023-12-08 13:06:39',97.8,114.0,122,82,180,88.0,10482),(11483,'2023-12-09 13:13:01',99.9,114.0,116,76,150,94.0,10483),(11484,'2023-12-10 13:16:28',97.4,114.0,124,84,170,98.0,10484),(11485,'2023-11-11 05:00:18',97.0,131.0,120,80,72,90.0,10485),(11486,'2023-11-12 05:05:44',97.5,131.0,118,78,70,92.0,10486),(11487,'2023-11-13 05:02:09',98.0,131.0,122,82,74,88.0,10487),(11488,'2023-11-14 05:08:31',98.5,131.0,116,76,80,94.0,10488),(11489,'2023-11-15 05:03:00',99.0,131.0,124,84,100,106.0,10489),(11490,'2023-11-16 05:10:24',100.0,131.0,120,80,104,98.0,10490),(11491,'2023-11-17 05:04:52',99.5,131.0,118,78,106,100.0,10491),(11492,'2023-11-18 05:07:17',99.0,131.0,122,82,102,96.0,10492),(11493,'2023-11-19 05:04:40',99.5,131.0,116,76,98,94.0,10493),(11494,'2023-11-20 05:10:10',100.0,131.0,124,84,100,98.0,10494),(11495,'2023-11-21 05:04:37',101.0,131.0,120,80,104,92.0,10495),(11496,'2023-11-22 05:06:59',100.5,131.0,118,78,106,90.0,10496),(11497,'2023-11-23 05:04:22',101.0,131.0,122,82,102,88.0,10497),(11498,'2023-11-24 05:07:48',100.0,131.0,116,76,98,94.0,10498),(11499,'2023-11-25 05:04:14',100.5,131.0,124,84,100,98.0,10499),(11500,'2023-11-26 05:13:42',101.0,131.0,120,80,104,92.0,10500),(11501,'2023-11-27 05:06:05',100.5,131.0,118,78,106,90.0,10501),(11502,'2023-11-28 05:13:31',100.0,131.0,122,82,102,88.0,10502),(11503,'2023-11-29 05:05:58',99.5,131.0,116,76,98,94.0,10503),(11504,'2023-11-30 05:12:20',99.0,131.0,124,84,100,98.0,10504),(11505,'2023-12-01 05:05:45',99.5,131.0,120,80,104,92.0,10505),(11506,'2023-12-02 05:12:08',100.0,131.0,118,78,106,90.0,10506),(11507,'2023-12-03 05:11:35',100.5,131.0,122,82,102,88.0,10507),(11508,'2023-12-04 05:04:57',101.0,131.0,116,76,98,94.0,10508),(11509,'2023-12-05 05:11:22',100.0,131.0,124,84,100,98.0,10509),(11510,'2023-12-06 05:04:49',99.5,131.0,120,80,104,92.0,10510),(11511,'2023-12-07 05:13:12',99.0,131.0,118,78,106,90.0,10511),(11512,'2023-12-08 05:06:39',98.5,131.0,122,82,102,88.0,10512),(11513,'2023-12-09 05:13:01',98.0,131.0,116,76,98,94.0,10513),(11514,'2023-12-10 05:16:28',97.5,131.0,124,84,100,98.0,10514),(11515,'2023-11-11 11:30:18',97.1,105.0,120,80,72,90.0,10515),(11516,'2023-11-12 11:35:44',98.6,105.0,118,78,74,92.0,10516),(11517,'2023-11-13 11:32:09',96.2,105.0,122,82,76,88.0,10517),(11518,'2023-11-14 11:38:31',99.7,105.0,116,76,78,94.0,10518),(11519,'2023-11-15 11:33:00',96.6,105.0,124,84,80,96.0,10519),(11520,'2023-11-16 11:40:24',99.5,105.0,120,80,82,90.0,10520),(11521,'2023-11-17 11:34:52',96.1,105.0,118,78,84,92.0,10521),(11522,'2023-11-18 11:37:17',96.6,105.0,122,82,86,88.0,10522),(11523,'2023-11-19 11:34:40',97.6,105.0,116,76,88,94.0,10523),(11524,'2023-11-20 11:40:10',98.2,105.0,124,84,90,96.0,10524),(11525,'2023-11-21 11:34:37',97.5,105.0,120,80,92,90.0,10525),(11526,'2023-11-22 11:36:59',96.0,105.0,118,78,94,92.0,10526),(11527,'2023-11-23 11:34:22',99.8,105.0,122,82,96,88.0,10527),(11528,'2023-11-24 11:37:48',98.5,105.0,116,76,98,94.0,10528),(11529,'2023-11-25 11:34:14',99.1,105.0,124,84,100,96.0,10529),(11530,'2023-11-26 15:25:47',98.6,105.0,120,80,102,90.0,10530),(11531,'2023-11-27 11:36:05',99.8,105.0,118,78,104,92.0,10531),(11532,'2023-11-28 11:43:31',96.1,105.0,122,82,106,88.0,10532),(11533,'2023-11-29 11:35:58',98.1,105.0,116,76,108,94.0,10533),(11534,'2023-11-30 11:42:20',97.3,105.0,124,84,110,96.0,10534),(11535,'2023-12-01 11:35:45',97.8,105.0,120,80,112,90.0,10535),(11536,'2023-12-02 11:42:08',98.4,105.0,118,78,114,92.0,10536),(11537,'2023-12-03 11:41:35',99.9,105.0,122,82,116,88.0,10537),(11538,'2023-12-04 11:34:57',99.3,105.0,116,76,118,94.0,10538),(11539,'2023-12-05 11:41:22',98.5,105.0,124,84,120,96.0,10539),(11540,'2023-12-06 11:34:49',98.1,105.0,120,80,122,90.0,10540),(11541,'2023-12-07 11:43:12',98.5,105.0,118,78,124,92.0,10541),(11542,'2023-12-08 11:36:39',97.7,105.0,122,82,126,88.0,10542),(11543,'2023-12-09 11:43:01',99.2,105.0,116,76,128,94.0,10543),(11544,'2023-12-10 11:46:28',98.3,105.0,124,84,130,96.0,10544),(11545,'2023-11-11 09:45:18',97.3,112.0,120,80,72,90.0,10545),(11546,'2023-11-12 09:50:44',98.7,112.0,118,78,74,92.0,10546),(11547,'2023-11-13 09:47:09',97.7,112.0,122,82,76,88.0,10547),(11548,'2023-11-14 09:53:31',97.4,112.0,116,76,78,94.0,10548),(11549,'2023-11-15 09:48:00',96.8,112.0,124,84,80,96.0,10549),(11550,'2023-11-16 09:55:24',96.0,112.0,120,80,82,90.0,10550),(11551,'2023-11-17 09:49:52',97.0,112.0,118,78,84,92.0,10551),(11552,'2023-11-18 09:52:17',99.7,112.0,122,82,86,88.0,10552),(11553,'2023-11-19 09:49:40',98.8,112.0,116,76,88,94.0,10553),(11554,'2023-11-20 09:55:10',99.3,112.0,124,84,90,96.0,10554),(11555,'2023-11-21 09:49:37',96.1,112.0,120,180,92,250.0,10555),(11556,'2023-11-22 09:51:59',98.4,112.0,118,178,94,248.0,10556),(11557,'2023-11-23 09:49:22',97.6,112.0,122,182,96,246.0,10557),(11558,'2023-11-24 09:52:48',99.3,112.0,116,176,98,244.0,10558),(11559,'2023-11-25 09:49:14',97.6,112.0,124,184,100,242.0,10559),(11560,'2023-11-26 09:58:42',98.7,112.0,120,180,102,240.0,10560),(11561,'2023-11-27 09:51:05',96.6,112.0,118,178,104,238.0,10561),(11562,'2023-11-28 09:58:31',97.2,112.0,122,182,106,236.0,10562),(11563,'2023-11-29 09:50:58',99.8,112.0,116,176,108,234.0,10563),(11564,'2023-11-30 09:57:20',99.6,112.0,124,184,110,232.0,10564),(11565,'2023-12-01 09:50:45',96.1,112.0,120,180,112,230.0,10565),(11566,'2023-12-02 09:57:08',96.7,112.0,118,178,114,228.0,10566),(11567,'2023-12-03 09:56:35',99.0,112.0,122,182,116,226.0,10567),(11568,'2023-12-04 09:49:57',99.1,112.0,116,176,118,224.0,10568),(11569,'2023-12-05 09:56:22',99.0,112.0,124,184,120,222.0,10569),(11570,'2023-12-06 09:49:49',98.9,112.0,120,180,122,220.0,10570),(11571,'2023-12-07 09:58:12',98.7,112.0,118,178,124,218.0,10571),(11572,'2023-12-08 09:51:39',99.5,112.0,122,182,126,216.0,10572),(11573,'2023-12-09 09:58:01',96.8,112.0,116,176,128,214.0,10573),(11574,'2023-12-10 10:01:28',96.1,112.0,124,184,130,212.0,10574),(11575,'2023-11-11 14:20:18',99.6,137.0,120,80,60,90.0,10575),(11576,'2023-11-12 14:25:44',96.6,137.0,118,78,58,92.0,10576),(11577,'2023-11-13 14:22:09',96.3,137.0,122,82,56,88.0,10577),(11578,'2023-11-14 14:28:31',96.1,137.0,116,76,54,94.0,10578),(11579,'2023-11-15 14:23:00',99.6,137.0,124,84,52,96.0,10579),(11580,'2023-11-16 14:30:24',98.0,137.0,120,80,50,90.0,10580),(11581,'2023-11-17 14:24:52',98.6,137.0,118,78,52,92.0,10581),(11582,'2023-11-18 14:27:17',97.7,137.0,122,82,54,88.0,10582),(11583,'2023-11-19 14:24:40',96.9,137.0,116,76,56,94.0,10583),(11584,'2023-11-20 14:30:10',96.1,137.0,124,84,58,96.0,10584),(11585,'2023-11-21 14:24:37',97.3,137.0,120,80,60,90.0,10585),(11586,'2023-11-22 14:26:59',97.7,137.0,118,78,62,92.0,10586),(11587,'2023-11-23 14:24:22',99.3,137.0,122,82,64,88.0,10587),(11588,'2023-11-24 14:27:48',97.9,137.0,116,76,66,94.0,10588),(11589,'2023-11-25 14:24:14',98.1,137.0,124,84,68,96.0,10589),(11590,'2023-11-26 14:33:42',98.7,137.0,120,80,70,90.0,10590),(11591,'2023-11-27 14:26:05',99.0,137.0,118,78,72,92.0,10591),(11592,'2023-11-28 14:33:31',97.5,137.0,122,82,74,88.0,10592),(11593,'2023-11-29 14:25:58',99.2,137.0,116,76,76,94.0,10593),(11594,'2023-11-30 14:32:20',98.7,137.0,124,84,78,96.0,10594),(11595,'2023-12-01 14:25:45',98.2,137.0,120,80,80,90.0,10595),(11596,'2023-12-02 14:32:08',96.7,137.0,118,78,82,92.0,10596),(11597,'2023-12-03 14:31:35',99.1,137.0,122,82,84,88.0,10597),(11598,'2023-12-04 14:24:57',99.3,137.0,116,76,86,94.0,10598),(11599,'2023-12-05 14:31:22',98.0,137.0,124,84,88,96.0,10599),(11600,'2023-12-06 14:24:49',97.4,137.0,120,80,90,90.0,10600),(11601,'2023-12-07 14:33:12',98.8,137.0,118,78,92,92.0,10601),(11602,'2023-12-08 14:26:39',97.3,137.0,122,82,94,88.0,10602),(11603,'2023-12-09 14:33:01',96.0,137.0,116,76,96,94.0,10603),(11604,'2023-12-10 14:36:28',99.4,137.0,124,84,98,96.0,10604),(11605,'2023-11-11 17:45:18',99.6,145.0,120,80,72,90.0,10605),(11606,'2023-11-12 17:50:44',99.9,145.0,122,78,70,92.0,10606),(11607,'2023-11-13 17:47:09',97.6,145.0,118,82,74,88.0,10607),(11608,'2023-11-14 17:53:31',97.3,145.0,124,76,76,94.0,10608),(11609,'2023-11-15 17:48:00',97.0,145.0,120,80,78,96.0,10609),(11610,'2023-11-16 17:55:24',99.0,145.0,118,78,80,92.0,10610),(11611,'2023-11-17 17:49:52',98.6,145.0,122,82,82,88.0,10611),(11612,'2023-11-18 17:52:17',99.5,145.0,116,76,84,94.0,10612),(11613,'2023-11-19 17:49:40',96.3,145.0,124,84,86,96.0,10613),(11614,'2023-11-20 17:55:10',96.4,145.0,120,80,88,90.0,10614),(11615,'2023-11-21 17:49:37',96.2,145.0,118,78,90,92.0,10615),(11616,'2023-11-22 17:51:59',98.1,145.0,122,82,92,88.0,10616),(11617,'2023-11-23 17:49:22',99.7,145.0,116,76,94,94.0,10617),(11618,'2023-11-24 17:52:48',96.1,145.0,124,84,96,96.0,10618),(11619,'2023-11-25 17:49:14',97.4,145.0,120,80,98,90.0,10619),(11620,'2023-11-26 17:58:42',96.4,145.0,118,78,100,92.0,10620),(11621,'2023-11-27 17:51:05',98.7,145.0,122,82,102,88.0,10621),(11622,'2023-11-28 17:58:31',96.7,145.0,116,76,104,94.0,10622),(11623,'2023-11-29 17:50:58',99.2,145.0,124,84,106,96.0,10623),(11624,'2023-11-30 17:57:20',96.8,145.0,120,80,108,90.0,10624),(11625,'2023-12-01 17:50:45',97.6,145.0,118,78,110,92.0,10625),(11626,'2023-12-02 17:57:08',98.8,145.0,122,82,112,88.0,10626),(11627,'2023-12-03 17:56:35',96.1,145.0,116,76,114,94.0,10627),(11628,'2023-12-04 17:49:57',98.5,145.0,124,84,116,96.0,10628),(11629,'2023-12-05 17:56:22',97.4,145.0,120,80,118,90.0,10629),(11630,'2023-12-06 17:49:49',96.3,145.0,118,78,120,92.0,10630),(11631,'2023-12-07 17:58:12',97.9,145.0,122,82,122,88.0,10631),(11632,'2023-12-08 17:51:39',97.4,145.0,116,76,124,94.0,10632),(11633,'2023-12-09 17:58:01',96.3,145.0,124,84,126,96.0,10633);
/*!40000 ALTER TABLE `vitals` ENABLE KEYS */;
UNLOCK TABLES;

--
-- Table structure for table `wellness_check`
--

DROP TABLE IF EXISTS `wellness_check`;
/*!40101 SET @saved_cs_client     = @@character_set_client */;
/*!50503 SET character_set_client = utf8mb4 */;
CREATE TABLE `wellness_check` (
  `id_pk` int NOT NULL,
  `timestamp` datetime NOT NULL,
  `rating` int NOT NULL,
  `description` varchar(100) DEFAULT NULL,
  `resident_fk` int DEFAULT NULL,
  PRIMARY KEY (`id_pk`),
  KEY `resident_fk1` (`resident_fk`),
  CONSTRAINT `resident_fk1` FOREIGN KEY (`resident_fk`) REFERENCES `resident` (`id_pk`)
) ENGINE=InnoDB DEFAULT CHARSET=utf8mb4 COLLATE=utf8mb4_0900_ai_ci;
/*!40101 SET character_set_client = @saved_cs_client */;

--
-- Dumping data for table `wellness_check`
--

LOCK TABLES `wellness_check` WRITE;
/*!40000 ALTER TABLE `wellness_check` DISABLE KEYS */;
INSERT INTO `wellness_check` VALUES (10000,'2023-11-11 08:15:01',4,'Unwell',0),(10001,'2023-11-11 18:47:36',4,'Unwell',0),(10002,'2023-11-12 08:46:53',4,'Unwell',0),(10003,'2023-11-12 20:29:17',4,'Unwell',0),(10004,'2023-11-13 09:18:44',4,'Unwell',0),(10005,'2023-11-13 19:48:24',4,'Unwell',0),(10006,'2023-11-14 09:47:36',4,'Unwell',0),(10007,'2023-11-14 21:25:55',4,'Unwell',0),(10008,'2023-11-15 10:05:20',4,'Unwell',0),(10009,'2023-11-15 20:44:42',4,'Unwell',0),(10010,'2023-11-16 10:44:03',4,'Unwell',0),(10011,'2023-11-16 22:18:36',4,'Unwell',0),(10012,'2023-11-17 11:07:56',4,'Unwell',0),(10013,'2023-11-17 21:42:29',4,'Unwell',0),(10014,'2023-11-18 11:42:10',4,'Unwell',0),(10015,'2023-11-18 23:14:46',4,'Unwell',0),(10016,'2023-11-19 12:04:05',4,'Unwell',0),(10017,'2023-11-19 22:39:29',3,'Neutral',0),(10018,'2023-11-20 12:39:10',3,'Neutral',0),(10019,'2023-11-20 00:11:56',3,'Neutral',0),(10020,'2023-11-21 13:01:14',3,'Neutral',0),(10021,'2023-11-21 23:36:49',3,'Neutral',0),(10022,'2023-11-22 13:36:31',3,'Neutral',0),(10023,'2023-11-22 01:10:05',3,'Neutral',0),(10024,'2023-11-23 14:00:23',3,'Neutral',0),(10025,'2023-11-23 01:32:58',3,'Neutral',0),(10026,'2023-11-24 14:32:39',3,'Neutral',0),(10027,'2023-11-24 02:05:14',3,'Neutral',0),(10028,'2023-11-25 14:54:31',3,'Neutral',0),(10029,'2023-11-25 02:26:06',3,'Neutral',0),(10030,'2023-11-26 15:25:47',3,'Neutral',0),(10031,'2023-11-26 02:58:22',3,'Neutral',0),(10032,'2023-11-27 15:58:03',3,'Neutral',0),(10033,'2023-11-27 03:30:39',3,'Neutral',0),(10034,'2023-11-28 16:30:20',3,'Neutral',0),(10035,'2023-11-28 04:02:55',3,'Neutral',0),(10036,'2023-11-29 17:02:36',3,'Neutral',0),(10037,'2023-11-29 04:35:11',3,'Neutral',0),(10038,'2023-11-30 17:34:52',2,'Good',0),(10039,'2023-11-30 05:07:28',2,'Good',0),(10040,'2023-12-01 18:07:09',2,'Good',0),(10041,'2023-12-01 05:39:43',2,'Good',0),(10042,'2023-12-02 18:39:25',2,'Good',0),(10043,'2023-12-02 07:11:59',2,'Good',0),(10044,'2023-12-03 20:11:41',2,'Good',0),(10045,'2023-12-03 08:44:15',2,'Good',0),(10046,'2023-12-04 21:43:57',2,'Good',0),(10047,'2023-12-04 10:16:31',2,'Good',0),(10048,'2023-12-05 23:16:13',2,'Good',0),(10049,'2023-12-05 11:48:47',1,'Excellent',0),(10050,'2023-12-06 00:48:29',1,'Excellent',0),(10051,'2023-12-06 12:21:03',1,'Excellent',0),(10052,'2023-12-07 01:20:45',1,'Excellent',0),(10053,'2023-12-07 12:53:19',1,'Excellent',0),(10054,'2023-12-08 01:52:59',1,'Excellent',0),(10055,'2023-12-08 13:25:34',1,'Excellent',0),(10056,'2023-12-09 02:25:15',1,'Excellent',0),(10057,'2023-12-09 13:57:50',1,'Excellent',0),(10058,'2023-12-10 02:57:31',1,'Excellent',0),(10059,'2023-12-10 14:30:05',1,'Excellent',0),(10060,'2023-11-11 18:03:05',1,'Excellent',1),(10061,'2023-11-12 18:00:21',1,'Excellent',1),(10062,'2023-11-13 18:02:44',1,'Excellent',1),(10063,'2023-11-14 18:02:11',1,'Excellent',1),(10064,'2023-11-15 18:01:38',1,'Excellent',1),(10065,'2023-11-16 18:02:51',1,'Excellent',1),(10066,'2023-11-17 18:01:33',1,'Excellent',1),(10067,'2023-11-18 18:00:22',1,'Excellent',1),(10068,'2023-11-19 18:01:58',1,'Excellent',1),(10069,'2023-11-20 18:03:15',1,'Excellent',1),(10070,'2023-11-21 18:00:53',1,'Excellent',1),(10071,'2023-11-22 18:01:20',1,'Excellent',1),(10072,'2023-11-23 18:02:02',1,'Excellent',1),(10073,'2023-11-24 18:01:33',1,'Excellent',1),(10074,'2023-11-25 18:02:18',1,'Excellent',2),(10075,'2023-11-26 18:03:02',1,'Excellent',1),(10076,'2023-11-27 18:00:58',1,'Excellent',1),(10077,'2023-11-28 18:01:20',1,'Excellent',1),(10078,'2023-11-29 18:02:14',1,'Excellent',1),(10079,'2023-11-30 18:02:54',1,'Excellent',1),(10080,'2023-12-01 18:00:43',1,'Excellent',1),(10081,'2023-12-02 18:01:34',1,'Excellent',1),(10082,'2023-11-27 06:31:30',1,'Excellent',2),(10083,'2023-11-28 06:30:29',1,'Excellent',2),(10084,'2023-11-29 06:32:18',2,'Good',2),(10085,'2023-11-30 06:30:52',2,'Good',2),(10086,'2023-12-01 06:31:40',2,'Good',2),(10087,'2023-12-02 06:32:15',2,'Good',2),(10088,'2023-12-03 06:31:22',2,'Good',2),(10089,'2023-12-04 06:32:18',2,'Good',2),(10090,'2023-12-05 06:32:06',2,'Good',2),(10091,'2023-12-06 06:31:57',2,'Good',2),(10092,'2023-12-07 06:30:50',2,'Good',2),(10093,'2023-12-08 06:31:34',2,'Good',2),(10094,'2023-12-09 06:30:58',2,'Good',2),(10095,'2023-12-10 06:32:10',2,'Good',2),(10096,'2023-11-25 15:28:31',3,'Neutral',3),(10097,'2023-11-25 02:40:55',4,'Unwell',3),(10098,'2023-11-26 13:07:22',3,'Neutral',3),(10099,'2023-11-26 00:19:11',3,'Neutral',3),(10100,'2023-11-27 10:51:41',3,'Neutral',3),(10101,'2023-11-27 21:12:28',3,'Neutral',3),(10102,'2023-11-28 12:36:11',4,'Unwell',3),(10103,'2023-11-28 23:44:28',4,'Unwell',3),(10104,'2023-11-29 14:18:41',4,'Unwell',3),(10105,'2023-11-29 01:29:57',4,'Unwell',3),(10106,'2023-11-30 11:59:28',3,'Neutral',3),(10107,'2023-11-30 23:11:04',3,'Neutral',3),(10108,'2023-12-01 13:44:21',3,'Neutral',3),(10109,'2023-12-01 00:56:30',3,'Neutral',3),(10110,'2023-12-02 11:29:58',3,'Neutral',3),(10111,'2023-12-02 22:34:17',3,'Neutral',3),(10112,'2023-12-03 14:10:45',4,'Unwell',3),(10113,'2023-12-03 01:22:32',3,'Neutral',3),(10114,'2023-12-04 11:55:58',2,'Good',3),(10115,'2023-12-04 23:04:15',2,'Good',3),(10116,'2023-12-05 13:38:29',2,'Good',3),(10117,'2023-12-05 00:49:47',2,'Good',3),(10118,'2023-12-06 11:22:08',2,'Good',3),(10119,'2023-12-06 22:33:01',2,'Good',3),(10120,'2023-12-07 14:05:29',2,'Good',3),(10121,'2023-12-07 01:17:56',2,'Good',3),(10122,'2023-12-08 11:51:21',2,'Good',3),(10123,'2023-12-08 22:57:39',2,'Good',3),(10124,'2023-12-09 13:31:52',2,'Good',3),(10125,'2023-12-09 00:43:05',2,'Good',3),(10126,'2023-11-11 15:00:18',2,'Good',4),(10127,'2023-11-12 16:34:42',2,'Good',4),(10128,'2023-11-13 14:48:57',2,'Good',4),(10129,'2023-11-14 15:26:09',2,'Good',4),(10130,'2023-11-15 16:51:47',2,'Good',4),(10131,'2023-11-16 14:07:32',2,'Good',4),(10132,'2023-11-17 16:45:52',2,'Good',4),(10133,'2023-11-18 15:09:04',2,'Good',4),(10134,'2023-11-19 14:26:31',2,'Good',4),(10135,'2023-11-20 16:20:59',2,'Good',4),(10136,'2023-11-21 14:47:12',2,'Good',4),(10137,'2023-11-22 16:22:04',2,'Good',4),(10138,'2023-11-23 14:59:05',2,'Good',4),(10139,'2023-11-24 15:39:49',2,'Good',4),(10140,'2023-11-25 16:14:41',2,'Good',4),(10141,'2023-11-26 15:37:26',2,'Good',4),(10142,'2023-11-27 16:59:04',2,'Good',4),(10143,'2023-11-28 14:32:41',2,'Good',4),(10144,'2023-11-29 15:58:36',2,'Good',4),(10145,'2023-11-30 16:36:47',2,'Good',4),(10146,'2023-12-01 14:42:12',2,'Good',4),(10147,'2023-12-02 16:09:18',2,'Good',4),(10148,'2023-12-03 15:16:23',2,'Good',4),(10149,'2023-12-04 16:45:39',2,'Good',4),(10150,'2023-12-05 15:57:01',2,'Good',4),(10151,'2023-12-06 16:32:53',2,'Good',4),(10152,'2023-12-07 14:09:30',2,'Good',4),(10153,'2023-12-08 15:35:25',2,'Good',4),(10154,'2023-12-09 16:13:36',2,'Good',4),(10155,'2023-12-10 14:18:01',2,'Good',4),(10156,'2023-11-11 14:00:18',2,'Good',5),(10157,'2023-11-12 13:31:47',2,'Good',5),(10158,'2023-11-13 14:52:34',2,'Good',5),(10159,'2023-11-14 12:44:59',2,'Good',5),(10160,'2023-11-15 14:18:02',2,'Good',5),(10161,'2023-11-16 13:14:29',2,'Good',5),(10162,'2023-11-17 12:35:22',2,'Good',5),(10163,'2023-11-18 14:36:09',2,'Good',5),(10164,'2023-11-19 13:01:57',2,'Good',5),(10165,'2023-11-20 12:27:31',2,'Good',5),(10166,'2023-11-21 14:57:09',2,'Good',5),(10167,'2023-11-22 13:39:52',2,'Good',5),(10168,'2023-11-23 12:06:17',2,'Good',5),(10169,'2023-11-24 14:20:42',2,'Good',5),(10170,'2023-11-25 13:05:28',2,'Good',5),(10171,'2023-11-26 12:33:17',2,'Good',5),(10172,'2023-11-27 14:17:47',2,'Good',5),(10173,'2023-11-28 13:05:59',2,'Good',5),(10174,'2023-11-29 12:19:02',2,'Good',5),(10175,'2023-11-30 14:45:24',2,'Good',5),(10176,'2023-12-01 13:50:11',2,'Good',5),(10177,'2023-12-02 12:25:18',2,'Good',5),(10178,'2023-12-03 14:30:55',2,'Good',5),(10179,'2023-12-04 13:16:29',2,'Good',5),(10180,'2023-12-05 12:08:42',2,'Good',5),(10181,'2023-12-06 14:37:28',2,'Good',5),(10182,'2023-12-07 13:09:50',2,'Good',5),(10183,'2023-12-08 12:41:36',2,'Good',5),(10184,'2023-12-09 14:14:47',2,'Good',5),(10185,'2023-12-10 13:03:03',2,'Good',5),(10186,'2023-11-11 09:00:18',1,'Excellent',6),(10187,'2023-11-12 10:43:27',1,'Excellent',6),(10188,'2023-11-13 08:21:09',1,'Excellent',6),(10189,'2023-11-14 10:18:05',1,'Excellent',6),(10190,'2023-11-15 11:56:43',1,'Excellent',6),(10191,'2023-11-16 09:47:59',1,'Excellent',6),(10192,'2023-11-17 10:29:32',1,'Excellent',6),(10193,'2023-11-18 08:49:11',1,'Excellent',6),(10194,'2023-11-19 09:58:57',1,'Excellent',6),(10195,'2023-11-20 09:19:35',1,'Excellent',6),(10196,'2023-11-21 11:30:14',1,'Excellent',6),(10197,'2023-11-22 08:04:20',1,'Excellent',6),(10198,'2023-11-23 10:12:22',1,'Excellent',6),(10199,'2023-11-24 10:49:49',1,'Excellent',6),(10200,'2023-11-25 08:35:56',1,'Excellent',6),(10201,'2023-11-26 11:05:08',1,'Excellent',6),(10202,'2023-11-27 09:31:52',1,'Excellent',6),(10203,'2023-11-28 09:11:40',1,'Excellent',6),(10204,'2023-11-29 10:22:01',1,'Excellent',6),(10205,'2023-11-30 10:55:37',1,'Excellent',6),(10206,'2023-12-01 08:34:08',1,'Excellent',6),(10207,'2023-12-02 11:09:22',1,'Excellent',6),(10208,'2023-12-03 09:27:44',1,'Excellent',6),(10209,'2023-12-04 09:47:56',1,'Excellent',6),(10210,'2023-12-05 10:34:19',1,'Excellent',6),(10211,'2023-12-06 08:14:05',1,'Excellent',6),(10212,'2023-12-07 11:46:38',1,'Excellent',6),(10213,'2023-12-08 09:23:09',1,'Excellent',6),(10214,'2023-12-09 08:43:18',1,'Excellent',6),(10215,'2023-12-10 11:39:56',1,'Excellent',6),(10216,'2023-11-11 08:00:18',2,'Good',7),(10217,'2023-11-12 08:02:45',2,'Good',7),(10218,'2023-11-13 08:01:57',2,'Good',7),(10219,'2023-11-14 08:00:23',2,'Good',7),(10220,'2023-11-15 08:02:10',2,'Good',7),(10221,'2023-11-16 08:00:46',2,'Good',7),(10222,'2023-11-17 08:01:33',2,'Good',7),(10223,'2023-11-18 08:02:11',2,'Good',7),(10224,'2023-11-19 08:01:24',2,'Good',7),(10225,'2023-11-20 08:02:56',2,'Good',7),(10226,'2023-11-21 08:00:32',2,'Good',7),(10227,'2023-11-22 08:01:19',2,'Good',7),(10228,'2023-11-23 08:02:07',2,'Good',7),(10229,'2023-11-24 08:01:33',2,'Good',7),(10230,'2023-11-25 08:00:48',2,'Good',7),(10231,'2023-11-26 08:02:22',2,'Good',7),(10232,'2023-11-27 08:01:37',2,'Good',7),(10233,'2023-11-28 08:00:52',2,'Good',7),(10234,'2023-11-29 08:02:28',2,'Good',7),(10235,'2023-11-30 08:01:41',2,'Good',7),(10236,'2023-12-01 08:02:17',2,'Good',7),(10237,'2023-12-02 08:01:31',2,'Good',7),(10238,'2023-12-03 08:00:46',2,'Good',7),(10239,'2023-12-04 08:02:21',2,'Good',7),(10240,'2023-12-05 08:01:35',2,'Good',7),(10241,'2023-12-06 08:00:50',2,'Good',7),(10242,'2023-12-07 08:02:26',2,'Good',7),(10243,'2023-12-08 08:01:41',2,'Good',7),(10244,'2023-12-09 08:00:57',2,'Good',7),(10245,'2023-12-10 08:02:32',2,'Good',7),(10246,'2023-11-11 11:00:18',2,'Good',8),(10247,'2023-11-12 10:55:34',2,'Good',8),(10248,'2023-11-13 10:58:57',2,'Good',8),(10249,'2023-11-14 10:58:24',2,'Good',8),(10250,'2023-11-15 10:57:51',2,'Good',8),(10251,'2023-11-16 10:59:04',2,'Good',8),(10252,'2023-11-17 10:57:46',2,'Good',8),(10253,'2023-11-18 10:56:35',2,'Good',8),(10254,'2023-11-19 10:58:11',2,'Good',8),(10255,'2023-11-20 11:00:28',2,'Good',8),(10256,'2023-11-21 10:58:06',2,'Good',8),(10257,'2023-11-22 10:58:33',2,'Good',8),(10258,'2023-11-23 10:59:15',2,'Good',8),(10259,'2023-11-24 10:58:46',2,'Good',8),(10260,'2023-11-25 10:59:31',2,'Good',8),(10261,'2023-11-26 11:00:15',2,'Good',8),(10262,'2023-11-27 10:58:11',2,'Good',8),(10263,'2023-11-28 10:58:33',2,'Good',8),(10264,'2023-11-29 10:59:27',2,'Good',8),(10265,'2023-11-30 10:59:57',2,'Good',8),(10266,'2023-12-01 10:57:46',2,'Good',8),(10267,'2023-12-02 10:58:37',2,'Good',8),(10268,'2023-12-03 10:59:04',2,'Good',8),(10269,'2023-12-04 10:58:32',2,'Good',8),(10270,'2023-12-05 10:57:24',2,'Good',8),(10271,'2023-12-06 10:59:14',2,'Good',8),(10272,'2023-12-07 10:57:59',2,'Good',8),(10273,'2023-12-08 10:59:43',2,'Good',8),(10274,'2023-12-09 11:00:05',2,'Good',8),(10275,'2023-12-10 10:58:59',2,'Good',8),(10276,'2023-11-11 11:30:18',1,'Excellent',9),(10277,'2023-11-12 11:31:09',1,'Excellent',9),(10278,'2023-11-13 11:30:54',1,'Excellent',9),(10279,'2023-11-14 11:31:32',1,'Excellent',9),(10280,'2023-11-15 11:30:25',2,'Good',9),(10281,'2023-11-16 11:31:12',2,'Good',9),(10282,'2023-11-17 11:30:38',2,'Good',9),(10283,'2023-11-18 11:31:29',2,'Good',9),(10284,'2023-11-19 11:30:43',2,'Good',9),(10285,'2023-11-20 11:31:21',2,'Good',9),(10286,'2023-11-21 11:30:14',2,'Good',9),(10287,'2023-11-22 11:31:01',2,'Good',9),(10288,'2023-11-23 11:30:27',2,'Good',9),(10289,'2023-11-24 11:31:18',2,'Good',9),(10290,'2023-11-25 11:30:32',2,'Good',9),(10291,'2023-11-26 11:31:24',2,'Good',9),(10292,'2023-11-27 11:30:17',3,'Neutral',9),(10293,'2023-11-28 11:30:59',3,'Neutral',9),(10294,'2023-11-29 11:30:47',3,'Neutral',9),(10295,'2023-11-30 11:30:10',3,'Neutral',9),(10296,'2023-12-01 11:31:05',3,'Neutral',9),(10297,'2023-12-02 11:30:21',3,'Neutral',9),(10298,'2023-12-03 11:31:09',3,'Neutral',9),(10299,'2023-12-04 11:30:52',3,'Neutral',9),(10300,'2023-12-05 11:30:43',3,'Neutral',9),(10301,'2023-12-06 11:31:30',3,'Neutral',9),(10302,'2023-12-07 11:30:18',3,'Neutral',9),(10303,'2023-12-08 11:31:02',3,'Neutral',9),(10304,'2023-12-09 11:30:35',3,'Neutral',9),(10305,'2023-12-10 11:31:26',3,'Neutral',9),(10306,'2023-11-11 10:30:18',2,'Good',10),(10307,'2023-11-12 10:32:45',2,'Good',10),(10308,'2023-11-13 10:29:10',2,'Good',10),(10309,'2023-11-14 10:34:32',2,'Good',10),(10310,'2023-11-15 10:28:00',2,'Good',10),(10311,'2023-11-16 10:35:24',2,'Good',10),(10312,'2023-11-17 10:30:52',2,'Good',10),(10313,'2023-11-18 10:33:17',2,'Good',10),(10314,'2023-11-19 10:30:40',2,'Good',10),(10315,'2023-11-20 10:36:10',2,'Good',10),(10316,'2023-11-21 10:30:37',2,'Good',10),(10317,'2023-11-22 10:29:59',2,'Good',10),(10318,'2023-11-23 10:38:22',2,'Good',10),(10319,'2023-11-24 10:30:48',2,'Good',10),(10320,'2023-11-25 10:29:14',2,'Good',10),(10321,'2023-11-26 10:39:42',2,'Good',10),(10322,'2023-11-27 10:30:05',2,'Good',10),(10323,'2023-11-28 10:38:31',2,'Good',10),(10324,'2023-11-29 10:30:58',2,'Good',10),(10325,'2023-11-30 10:37:20',2,'Good',10),(10326,'2023-12-01 10:30:45',2,'Good',10),(10327,'2023-12-02 10:38:08',2,'Good',10),(10328,'2023-12-03 10:37:35',2,'Good',10),(10329,'2023-12-04 10:30:57',2,'Good',10),(10330,'2023-12-05 10:37:22',2,'Good',10),(10331,'2023-12-06 10:30:49',2,'Good',10),(10332,'2023-12-07 10:39:12',2,'Good',10),(10333,'2023-12-08 10:30:39',2,'Good',10),(10334,'2023-12-09 10:37:01',2,'Good',10),(10335,'2023-12-10 10:40:28',2,'Good',10),(10336,'2023-11-11 10:30:18',1,'Excellent',11),(10337,'2023-11-12 10:35:44',1,'Excellent',11),(10338,'2023-11-13 10:32:09',1,'Excellent',11),(10339,'2023-11-14 10:38:31',1,'Excellent',11),(10340,'2023-11-15 10:33:00',1,'Excellent',11),(10341,'2023-11-16 10:40:24',1,'Excellent',11),(10342,'2023-11-17 10:34:52',1,'Excellent',11),(10343,'2023-11-18 10:37:17',1,'Excellent',11),(10344,'2023-11-19 10:34:40',1,'Excellent',11),(10345,'2023-11-20 10:40:10',1,'Excellent',11),(10346,'2023-11-21 10:34:37',1,'Excellent',11),(10347,'2023-11-22 10:36:59',1,'Excellent',11),(10348,'2023-11-23 10:34:22',1,'Excellent',11),(10349,'2023-11-24 10:37:48',1,'Excellent',11),(10350,'2023-11-25 10:34:14',1,'Excellent',11),(10351,'2023-11-26 10:43:42',1,'Excellent',11),(10352,'2023-11-27 10:36:05',1,'Excellent',11),(10353,'2023-11-28 10:43:31',1,'Excellent',11),(10354,'2023-11-29 10:35:58',1,'Excellent',11),(10355,'2023-11-30 10:42:20',1,'Excellent',11),(10356,'2023-12-01 10:35:45',1,'Excellent',11),(10357,'2023-12-02 10:42:08',1,'Excellent',11),(10358,'2023-12-03 10:41:35',1,'Excellent',11),(10359,'2023-12-04 10:34:57',1,'Excellent',11),(10360,'2023-12-05 10:41:22',1,'Excellent',11),(10361,'2023-12-06 10:34:49',1,'Excellent',11),(10362,'2023-12-07 10:43:12',1,'Excellent',11),(10363,'2023-12-08 10:36:39',1,'Excellent',11),(10364,'2023-12-09 10:43:01',1,'Excellent',11),(10365,'2023-12-10 10:46:28',1,'Excellent',11),(10366,'2023-11-11 09:30:18',1,'Excellent',12),(10367,'2023-11-12 09:35:44',1,'Excellent',12),(10368,'2023-11-13 09:32:09',1,'Excellent',12),(10369,'2023-11-14 09:38:31',1,'Excellent',12),(10370,'2023-11-15 09:33:00',1,'Excellent',12),(10371,'2023-11-16 09:40:24',1,'Excellent',12),(10372,'2023-11-17 09:34:52',1,'Excellent',12),(10373,'2023-11-18 09:37:17',1,'Excellent',12),(10374,'2023-11-19 09:34:40',1,'Excellent',12),(10375,'2023-11-20 09:40:10',1,'Excellent',12),(10376,'2023-11-21 09:34:37',1,'Excellent',12),(10377,'2023-11-22 09:36:59',1,'Excellent',12),(10378,'2023-11-23 09:34:22',1,'Excellent',12),(10379,'2023-11-24 09:37:48',1,'Excellent',12),(10380,'2023-11-25 09:34:14',2,'Good',12),(10381,'2023-11-26 09:43:42',2,'Good',12),(10382,'2023-11-27 09:36:05',2,'Good',12),(10383,'2023-11-28 09:43:31',2,'Good',12),(10384,'2023-11-29 09:35:58',2,'Good',12),(10385,'2023-11-30 09:42:20',2,'Good',12),(10386,'2023-12-01 09:35:45',2,'Good',12),(10387,'2023-12-02 09:42:08',2,'Good',12),(10388,'2023-12-03 09:41:35',2,'Good',12),(10389,'2023-12-04 09:34:57',2,'Good',12),(10390,'2023-12-05 09:41:22',3,'Neutral',12),(10391,'2023-12-06 09:34:49',4,'Unwell',12),(10392,'2023-12-07 09:43:12',4,'Unwell',12),(10393,'2023-12-08 09:36:39',2,'Good',12),(10394,'2023-12-09 09:43:01',2,'Good',12),(10395,'2023-11-11 08:30:18',2,'Good',13),(10396,'2023-11-12 08:35:44',2,'Good',13),(10397,'2023-11-13 08:32:09',2,'Good',13),(10398,'2023-11-14 08:38:31',2,'Good',13),(10399,'2023-11-15 08:33:00',2,'Good',13),(10400,'2023-11-16 08:40:24',2,'Good',13),(10401,'2023-11-17 08:34:52',2,'Good',13),(10402,'2023-11-18 08:37:17',2,'Good',13),(10403,'2023-11-19 08:34:40',2,'Good',13),(10404,'2023-11-20 08:40:10',2,'Good',13),(10405,'2023-11-21 08:34:37',2,'Good',13),(10406,'2023-11-22 08:36:59',2,'Good',13),(10407,'2023-11-23 08:34:22',2,'Good',13),(10408,'2023-11-24 08:37:48',2,'Good',13),(10409,'2023-11-25 08:34:14',2,'Good',13),(10410,'2023-11-26 08:43:42',2,'Good',13),(10411,'2023-11-27 08:36:05',2,'Good',13),(10412,'2023-11-28 08:43:31',2,'Good',13),(10413,'2023-11-29 08:35:58',2,'Good',13),(10414,'2023-11-30 08:42:20',2,'Good',13),(10415,'2023-12-01 08:35:45',2,'Good',13),(10416,'2023-12-02 08:42:08',2,'Good',13),(10417,'2023-12-03 08:41:35',2,'Good',13),(10418,'2023-12-04 08:34:57',2,'Good',13),(10419,'2023-12-05 08:41:22',2,'Good',13),(10420,'2023-12-06 08:34:49',2,'Good',13),(10421,'2023-12-07 08:43:12',2,'Good',13),(10422,'2023-12-08 08:36:39',2,'Good',13),(10423,'2023-12-09 08:43:01',2,'Good',13),(10424,'2023-12-10 08:46:28',2,'Good',13),(10425,'2023-11-11 12:30:18',2,'Good',14),(10426,'2023-11-12 12:35:44',2,'Good',14),(10427,'2023-11-13 12:32:09',2,'Good',14),(10428,'2023-11-14 12:38:31',2,'Good',14),(10429,'2023-11-15 12:33:00',2,'Good',14),(10430,'2023-11-16 12:40:24',2,'Good',14),(10431,'2023-11-17 12:34:52',2,'Good',14),(10432,'2023-11-18 12:37:17',2,'Good',14),(10433,'2023-11-19 12:34:40',2,'Good',14),(10434,'2023-11-20 12:40:10',2,'Good',14),(10435,'2023-11-21 12:34:37',2,'Good',14),(10436,'2023-11-22 12:36:59',2,'Good',14),(10437,'2023-11-23 12:34:22',2,'Good',14),(10438,'2023-11-24 12:37:48',2,'Good',14),(10439,'2023-11-25 12:34:14',2,'Good',14),(10440,'2023-11-26 12:43:42',2,'Good',14),(10441,'2023-11-27 12:36:05',2,'Good',14),(10442,'2023-11-28 12:43:31',2,'Good',14),(10443,'2023-11-29 12:35:58',2,'Good',14),(10444,'2023-11-30 12:42:20',2,'Good',14),(10445,'2023-12-01 12:35:45',2,'Good',14),(10446,'2023-12-02 12:42:08',2,'Good',14),(10447,'2023-12-03 12:41:35',2,'Good',14),(10448,'2023-12-04 12:34:57',2,'Good',14),(10449,'2023-12-05 12:41:22',2,'Good',14),(10450,'2023-12-06 12:34:49',2,'Good',14),(10451,'2023-12-07 12:43:12',2,'Good',14),(10452,'2023-12-08 12:36:39',2,'Good',14),(10453,'2023-12-09 12:43:01',2,'Good',14),(10454,'2023-12-10 12:46:28',2,'Good',14),(10455,'2023-11-11 13:00:18',3,'Neutral',15),(10456,'2023-11-12 13:05:44',3,'Neutral',15),(10457,'2023-11-13 13:02:09',3,'Neutral',15),(10458,'2023-11-14 13:08:31',3,'Neutral',15),(10459,'2023-11-15 13:03:00',3,'Neutral',15),(10460,'2023-11-16 13:10:24',3,'Neutral',15),(10461,'2023-11-17 13:04:52',3,'Neutral',15),(10462,'2023-11-18 13:07:17',3,'Neutral',15),(10463,'2023-11-19 13:04:40',3,'Neutral',15),(10464,'2023-11-20 13:10:10',3,'Neutral',15),(10465,'2023-11-21 13:04:37',3,'Neutral',15),(10466,'2023-11-22 13:06:59',3,'Neutral',15),(10467,'2023-11-23 13:04:22',3,'Neutral',15),(10468,'2023-11-24 13:07:48',3,'Neutral',15),(10469,'2023-11-25 13:04:14',3,'Neutral',15),(10470,'2023-11-26 13:13:42',3,'Neutral',15),(10471,'2023-11-27 13:06:05',3,'Neutral',15),(10472,'2023-11-28 13:13:31',3,'Neutral',15),(10473,'2023-11-29 13:05:58',3,'Neutral',15),(10474,'2023-11-30 13:12:20',3,'Neutral',15),(10475,'2023-12-01 13:05:45',3,'Neutral',15),(10476,'2023-12-02 13:12:08',3,'Neutral',15),(10477,'2023-12-03 13:11:35',3,'Neutral',15),(10478,'2023-12-04 13:04:57',3,'Neutral',15),(10479,'2023-12-05 13:11:22',3,'Neutral',15),(10480,'2023-12-06 13:04:49',3,'Neutral',15),(10481,'2023-12-07 13:13:12',3,'Neutral',15),(10482,'2023-12-08 13:06:39',3,'Neutral',15),(10483,'2023-12-09 13:13:01',3,'Neutral',15),(10484,'2023-12-10 13:16:28',3,'Neutral',15),(10485,'2023-11-11 05:00:18',3,'Neutral',16),(10486,'2023-11-12 05:05:44',3,'Neutral',16),(10487,'2023-11-13 05:02:09',3,'Neutral',16),(10488,'2023-11-14 05:08:31',3,'Neutral',16),(10489,'2023-11-15 05:03:00',3,'Neutral',16),(10490,'2023-11-16 05:10:24',3,'Neutral',16),(10491,'2023-11-17 05:04:52',4,'Unwell',16),(10492,'2023-11-18 05:07:17',4,'Unwell',16),(10493,'2023-11-19 05:04:40',4,'Unwell',16),(10494,'2023-11-20 05:10:10',4,'Unwell',16),(10495,'2023-11-21 05:04:37',4,'Unwell',16),(10496,'2023-11-22 05:06:59',4,'Unwell',16),(10497,'2023-11-23 05:04:22',4,'Unwell',16),(10498,'2023-11-24 05:07:48',5,'Bad',16),(10499,'2023-11-25 05:04:14',5,'Bad',16),(10500,'2023-11-26 05:13:42',4,'Unwell',16),(10501,'2023-11-27 05:06:05',4,'Unwell',16),(10502,'2023-11-28 05:13:31',4,'Unwell',16),(10503,'2023-11-29 05:05:58',4,'Unwell',16),(10504,'2023-11-30 05:12:20',4,'Unwell',16),(10505,'2023-12-01 05:05:45',4,'Unwell',16),(10506,'2023-12-02 05:12:08',4,'Unwell',16),(10507,'2023-12-03 05:11:35',4,'Unwell',16),(10508,'2023-12-04 05:04:57',4,'Unwell',16),(10509,'2023-12-05 05:11:22',3,'Neutral',16),(10510,'2023-12-06 05:04:49',3,'Neutral',16),(10511,'2023-12-07 05:13:12',3,'Neutral',16),(10512,'2023-12-08 05:06:39',3,'Neutral',16),(10513,'2023-12-09 05:13:01',3,'Neutral',16),(10514,'2023-12-10 05:16:28',2,'Good',16),(10515,'2023-11-11 11:30:18',3,'Neutral',17),(10516,'2023-11-12 11:35:44',3,'Neutral',17),(10517,'2023-11-13 11:32:09',3,'Neutral',17),(10518,'2023-11-14 11:38:31',3,'Neutral',17),(10519,'2023-11-15 11:33:00',3,'Neutral',17),(10520,'2023-11-16 11:40:24',3,'Neutral',17),(10521,'2023-11-17 11:34:52',3,'Neutral',17),(10522,'2023-11-18 11:37:17',3,'Neutral',17),(10523,'2023-11-19 11:34:40',3,'Neutral',17),(10524,'2023-11-20 11:40:10',3,'Neutral',17),(10525,'2023-11-21 11:34:37',3,'Neutral',17),(10526,'2023-11-22 11:36:59',3,'Neutral',17),(10527,'2023-11-23 11:34:22',3,'Neutral',17),(10528,'2023-11-24 11:37:48',3,'Neutral',17),(10529,'2023-11-25 11:34:14',3,'Neutral',17),(10530,'2023-11-26 11:43:42',3,'Neutral',17),(10531,'2023-11-27 11:36:05',3,'Neutral',17),(10532,'2023-11-28 11:43:31',3,'Neutral',17),(10533,'2023-11-29 11:35:58',3,'Neutral',17),(10534,'2023-11-30 11:42:20',3,'Neutral',17),(10535,'2023-12-01 11:35:45',3,'Neutral',17),(10536,'2023-12-02 11:42:08',3,'Neutral',17),(10537,'2023-12-03 11:41:35',3,'Neutral',17),(10538,'2023-12-04 11:34:57',3,'Neutral',17),(10539,'2023-12-05 11:41:22',3,'Neutral',17),(10540,'2023-12-06 11:34:49',3,'Neutral',17),(10541,'2023-12-07 11:43:12',3,'Neutral',17),(10542,'2023-12-08 11:36:39',3,'Neutral',17),(10543,'2023-12-09 11:43:01',3,'Neutral',17),(10544,'2023-12-10 11:46:28',3,'Neutral',17),(10545,'2023-11-11 09:45:18',3,'Neutral',18),(10546,'2023-11-12 09:50:44',3,'Neutral',18),(10547,'2023-11-13 09:47:09',3,'Neutral',18),(10548,'2023-11-14 09:53:31',3,'Neutral',18),(10549,'2023-11-15 09:48:00',3,'Neutral',18),(10550,'2023-11-16 09:55:24',3,'Neutral',18),(10551,'2023-11-17 09:49:52',3,'Neutral',18),(10552,'2023-11-18 09:52:17',3,'Neutral',18),(10553,'2023-11-19 09:49:40',3,'Neutral',18),(10554,'2023-11-20 09:55:10',3,'Neutral',18),(10555,'2023-11-21 09:49:37',3,'Neutral',18),(10556,'2023-11-22 09:51:59',3,'Neutral',18),(10557,'2023-11-23 09:49:22',3,'Neutral',18),(10558,'2023-11-24 09:52:48',3,'Neutral',18),(10559,'2023-11-25 09:49:14',3,'Neutral',18),(10560,'2023-11-26 09:58:42',3,'Neutral',18),(10561,'2023-11-27 09:51:05',3,'Neutral',18),(10562,'2023-11-28 09:58:31',3,'Neutral',18),(10563,'2023-11-29 09:50:58',3,'Neutral',18),(10564,'2023-11-30 09:57:20',3,'Neutral',18),(10565,'2023-12-01 09:50:45',3,'Neutral',18),(10566,'2023-12-02 09:57:08',3,'Neutral',18),(10567,'2023-12-03 09:56:35',3,'Neutral',18),(10568,'2023-12-04 09:49:57',3,'Neutral',18),(10569,'2023-12-05 09:56:22',3,'Neutral',18),(10570,'2023-12-06 09:49:49',3,'Neutral',18),(10571,'2023-12-07 09:58:12',3,'Neutral',18),(10572,'2023-12-08 09:51:39',3,'Neutral',18),(10573,'2023-12-09 09:58:01',3,'Neutral',18),(10574,'2023-12-10 10:01:28',3,'Neutral',18),(10575,'2023-11-11 14:20:18',2,'Good',19),(10576,'2023-11-12 14:25:44',2,'Good',19),(10577,'2023-11-13 14:22:09',2,'Good',19),(10578,'2023-11-14 14:28:31',2,'Good',19),(10579,'2023-11-15 14:23:00',2,'Good',19),(10580,'2023-11-16 14:30:24',2,'Good',19),(10581,'2023-11-17 14:24:52',2,'Good',19),(10582,'2023-11-18 14:27:17',2,'Good',19),(10583,'2023-11-19 14:24:40',2,'Good',19),(10584,'2023-11-20 14:30:10',2,'Good',19),(10585,'2023-11-21 14:24:37',2,'Good',19),(10586,'2023-11-22 14:26:59',2,'Good',19),(10587,'2023-11-23 14:24:22',2,'Good',19),(10588,'2023-11-24 14:27:48',2,'Good',19),(10589,'2023-11-25 14:24:14',2,'Good',19),(10590,'2023-11-26 14:33:42',2,'Good',19),(10591,'2023-11-27 14:26:05',2,'Good',19),(10592,'2023-11-28 14:33:31',2,'Good',19),(10593,'2023-11-29 14:25:58',2,'Good',19),(10594,'2023-11-30 14:32:20',2,'Good',19),(10595,'2023-12-01 14:25:45',2,'Good',19),(10596,'2023-12-02 14:32:08',2,'Good',19),(10597,'2023-12-03 14:31:35',2,'Good',19),(10598,'2023-12-04 14:24:57',2,'Good',19),(10599,'2023-12-05 14:31:22',2,'Good',19),(10600,'2023-12-06 14:24:49',2,'Good',19),(10601,'2023-12-07 14:33:12',2,'Good',19),(10602,'2023-12-08 14:26:39',2,'Good',19),(10603,'2023-12-09 14:33:01',2,'Good',19),(10604,'2023-12-10 14:36:28',2,'Good',19),(10605,'2023-11-11 17:45:18',1,'Excellent',20),(10606,'2023-11-12 17:50:44',1,'Excellent',20),(10607,'2023-11-13 17:47:09',1,'Excellent',20),(10608,'2023-11-14 17:53:31',1,'Excellent',20),(10609,'2023-11-15 17:48:00',1,'Excellent',20),(10610,'2023-11-16 17:55:24',1,'Excellent',20),(10611,'2023-11-17 17:49:52',1,'Excellent',20),(10612,'2023-11-18 17:52:17',1,'Excellent',20),(10613,'2023-11-19 17:49:40',1,'Excellent',20),(10614,'2023-11-20 17:55:10',1,'Excellent',20),(10615,'2023-11-21 17:49:37',1,'Excellent',20),(10616,'2023-11-22 17:51:59',1,'Excellent',20),(10617,'2023-11-23 17:49:22',1,'Excellent',20),(10618,'2023-11-24 17:52:48',1,'Excellent',20),(10619,'2023-11-25 17:49:14',1,'Excellent',20),(10620,'2023-11-26 17:58:42',1,'Excellent',20),(10621,'2023-11-27 17:51:05',1,'Excellent',20),(10622,'2023-11-28 17:58:31',1,'Excellent',20),(10623,'2023-11-29 17:50:58',1,'Excellent',20),(10624,'2023-11-30 17:57:20',1,'Excellent',20),(10625,'2023-12-01 17:50:45',1,'Excellent',20),(10626,'2023-12-02 17:57:08',1,'Excellent',20),(10627,'2023-12-03 17:56:35',1,'Excellent',20),(10628,'2023-12-04 17:49:57',1,'Excellent',20),(10629,'2023-12-05 17:56:22',1,'Excellent',20),(10630,'2023-12-06 17:49:49',1,'Excellent',20),(10631,'2023-12-07 17:58:12',1,'Excellent',20),(10632,'2023-12-08 17:51:39',1,'Excellent',20),(10633,'2023-12-09 17:58:01',1,'Excellent',20);
/*!40000 ALTER TABLE `wellness_check` ENABLE KEYS */;
UNLOCK TABLES;
/*!40103 SET TIME_ZONE=@OLD_TIME_ZONE */;

/*!40101 SET SQL_MODE=@OLD_SQL_MODE */;
/*!40014 SET FOREIGN_KEY_CHECKS=@OLD_FOREIGN_KEY_CHECKS */;
/*!40014 SET UNIQUE_CHECKS=@OLD_UNIQUE_CHECKS */;
/*!40101 SET CHARACTER_SET_CLIENT=@OLD_CHARACTER_SET_CLIENT */;
/*!40101 SET CHARACTER_SET_RESULTS=@OLD_CHARACTER_SET_RESULTS */;
/*!40101 SET COLLATION_CONNECTION=@OLD_COLLATION_CONNECTION */;
/*!40111 SET SQL_NOTES=@OLD_SQL_NOTES */;

-- Dump completed on 2023-11-30 20:11:13
